"A.DATE","B01.CONFIRMED","B02.RECOVERED","B03.DEATHS","B04.RT","B05.Y.act","C01.HOSPITALS","C02.BEDS","C03.BEDS.free","C04.HOSPITALIZED","C05.HOSPITALIZED.today","C06.RELEASED","C07.INTENSIVE_CARE","C08.VENT","C09.LENEXPO","C10.ZARYA","C11.AMB","C12.OBSERV","C13.QUARANTINE","V01.V.STATIONS","V02.V1.CS","V03.V1.today","V04.V2.CS","V05.V2.today","V04.V12.CS","V05.V12.today","V06.V.rem","Z01.PCR.labs","Z02.PCR.points","Z03.PCR.tests"
"2021-08-03",1910,1923,55,1,93,21,8366,46.23,6212,186,105,597,274,312,563,50840,107,"1619",146,1322534,1984,1012316,4371,NA,NA,174869,58,138,20285
"2021-08-04",1906,1971,54,1,94,21,8366,46.37,6060,245,407,583,265,273,561,49232,104,"1893",146,1310566,8102,1032386,20070,NA,NA,159742,58,138,24939
"2021-08-05",1911,1998,45,1,97,21,8366,50.36,5903,285,521,574,574,248,575,47827,104,"1433",146,1349005,6053,1055154,22768,NA,NA,285938,58,138,30403
"2021-08-06",1909,2043,44,1,98,21,8366,52.96,5779,290,374,571,266,236,603,46875,103,"1117",155,1372785,4764,1080752,25598,NA,NA,273954,58,138,29733
"2021-08-07",1904,2026,53,1,96,21,8366,54.96,5613,290,389,558,257,210,565,46104,101,"2068",155,1384884,5521,1105611,24859,NA,NA,261728,58,138,29273
"2021-08-08",1907,975,45,1,52,21,8366,59.15,5567,234,370,551,253,183,565,45831,101,"2395",155,1366738,7448,1129738,23767,NA,NA,248301,58,138,25324
"2021-08-09",1895,804,40,1,54,21,7142,61.77,5579,176,99,546,247,187,567,45479,12,"1684",155,1403925,3666,1137407,8029,NA,NA,242420,58,138,20576
"2021-08-10",1811,1972,49,0.98,96,21,6977,37.47,5481,175,81,539,230,183,526,44253,12,"1435",159,1407018,1924,1141657,4259,NA,NA,263285,58,138,17737
"2021-08-11",1804,2031,43,0.97,99,21,6977,35.66,5303,300,384,510,230,149,522,42810,12,"1611",159,1418855,7341,1160527,18870,NA,NA,251245,58,138,21706
"2021-08-12",1801,2289,48,0.96,98,21,6777,38.22,5142,305,439,503,235,111,499,42286,2,"1674",159,1387027,7358,1180566,20039,NA,NA,306324,59,138,30910
"2021-08-13",1810,2001,42,0.95,96,21,6777,37.77,5002,276,367,491,219,102,494,40872,2,"1723",159,1394539,7512,1201029,20463,NA,NA,293145,59,138,27160
"2021-08-14",1823,1899,48,0.96,97,21,6777,40.14,4841,273,315,496,216,94,477,38617,2,"2234",163,1402277,7738,1222113,21084,NA,NA,279262,59,138,25135
"2021-08-15",1668,1561,43,0.96,63,20,6735,42.46,4860,203,318,497,227,93,462,37515,2,"1415",163,1409538,7261,1241830,19717,NA,NA,266478,59,138,26302
"2021-08-16",1383,1794,44,0.91,54,18,6643,42.85,4957,145,59,500,230,92,476,36251,1,"1147",163,1412331,2793,1248896,7066,NA,NA,261693,59,138,18502
"2021-08-17",1156,1316,52,0.83,96,18,6643,39.9,4833,178,51,471,206,95,444,33266,1,"1291",163,1414122,1791,1252326,3430,NA,NA,258758,59,138,17249
"2021-08-18",1636,1786,40,0.81,98,18,6643,40.5,4614,256,369,444,197,89,441,30106,1,"1654",163,1420721,6599,1269829,17503,NA,NA,247283,59,138,21433
"2021-08-19",1563,5355,32,0.81,97,18,6643,41.46,4535,276,379,429,192,84,415,26869,1,"1884",165,1427464,6743,1288055,18226,NA,NA,235520,59,138,27890
"2021-08-20",1691,1846,39,0.9,95,18,6643,45.11,4344,277,338,416,177,87,406,24909,1,"1818",165,1433355,5891,1306703,18648,NA,NA,401401,59,138,26711
"2021-08-21",1665,1823,38,1.09,95,17,6373,46.67,4068,235,308,407,178,122,386,24379,7,"2393",165,1439344,5989,1324191,17488,NA,NA,389904,59,138,26344
"2021-08-22",1481,440,39,1.1,95,17,6373,43.78,4158,220,278,414,173,129,394,24439,7,"1939",165,1445283,5939,1342347,18156,NA,NA,378510,59,138,23001
"2021-08-23",691,876,38,0.96,53,17,6373,44.85,4281,176,72,427,182,136,397,24397,7,"1528",165,1447715,2432,1348415,6068,NA,NA,373946,59,138,16430
"2021-08-24",600,801,39,0.73,94,17,5838,42.98,4102,160,68,390,182,145,372,23715,6,"1456",166,1449025,1310,1351180,2765,NA,NA,451303,59,138,16945
"2021-08-25",1385,892,30,0.63,94,17,5838,33.69,4060,251,265,380,161,150,349,22715,6,"1840",166,1453827,4802,1364961,13781,NA,NA,441096,59,138,20528
"2021-08-26",1301,923,38,0.62,95,17,5591,35.77,3935,247,283,379,154,150,342,21291,6,"1659",166,1458772,4945,1378805,13844,NA,NA,429792,59,138,27073
"2021-08-27",1395,1296,33,0.85,94,17,5591,33.17,3820,236,265,393,161,155,339,20718,6,"1806",166,1464017,5245,1391175,12370,NA,NA,488075,59,138,25778
"2021-08-28",1406,1378,36,1.24,95,17,5591,34.3,3705,232,244,380,159,159,321,20619,6,"2024",166,1469231,5214,1403717,12542,NA,NA,476562,59,138,25671
"2021-08-29",1318,657,38,1.3,66,17,5591,35.97,3786,195,202,389,157,166,336,20587,0,"1849",166,1474215,4984,1418016,14299,NA,NA,561991,59,138,25000
"2021-08-30",549,562,35,1.17,51,17,5591,36.16,3912,127,42,389,160,168,345,20250,0,"1658",166,1476252,2037,1423165,5149,NA,NA,557661,59,138,16346
"2021-08-31",513,1366,31,1.81,99,17,5591,NA,3815,175,42,389,158,179,306,19421,0,"1996",171,1477339,1087,1426035,2870,NA,NA,635723,59,138,17877
"2021-09-01",1312,1039,34,0.67,NA,14,5256,NA,3749,265,287,370,156,181,316,18950,6,"1888",172,1481860,4521,1439618,13583,NA,NA,625599,59,138,22085
"2021-09-02",1330,1296,37,0.68,NA,14,5163,NA,3674,247,285,353,147,177,294,18242,6,"1701",172,1486073,4213,1451951,12333,NA,NA,615545,59,138,29215
"2021-09-03",1437,1403,38,0.98,NA,14,5163,NA,3559,259,285,344,136,175,275,18122,6,"2238",172,1627778,8131,1462545,10594,NA,NA,606829,59,138,27102
"2021-09-04",1494,1228,35,1.47,NA,14,5163,NA,3522,243,278,343,135,165,278,18376,9,"2354",172,1494083,4257,1475507,12962,NA,NA,597176,59,138,26803
"2021-09-05",1357,431,36,1.52,NA,14,5163,32.04,3579,210,206,354,135,167,292,18290,12,"2417",172,1498236,4153,1488534,13027,NA,NA,651481,59,138,24455
"2021-09-06",690,590,40,1.34,NA,14,5163,NA,3668,176,63,361,145,73,310,17998,12,"2696",172,1499906,1670,1493667,5133,NA,NA,647128,59,138,14077
"2021-09-07",626,859,37,0.91,NA,14,5163,NA,3649,178,49,363,143,184,307,17981,28,"2873",172,1500754,848,1495904,2237,NA,NA,649842,59,138,16966
"2021-09-08",1430,963,37,0.74,NA,14,5163,NA,3635,290,270,364,152,168,337,17731,28,"2622",172,1503881,3127,1506578,10674,NA,NA,669611,59,138,20917
"2021-09-09",1380,1138,27,0.73,NA,14,5163,NA,3655,271,278,356,137,168,362,17866,35,"2748",172,1507439,3558,1517533,10955,NA,NA,661111,59,138,27136
"2021-09-10",1504,1143,32,0.99,NA,14,5163,NA,3697,288,250,362,129,163,394,17958,42,"2439",172,1510631,3192,1528627,11094,NA,NA,661111,59,138,31148
"2021-09-11",1629,1255,39,1.43,NA,14,5163,NA,3613,310,283,367,130,152,408,18158,42,"2604",172,1513802,3171,1539177,10550,NA,NA,649507,59,138,29285
"2021-09-12",1597,292,42,1.49,NA,14,5163,NA,3635,208,208,377,136,157,458,18195,46,"2566",172,1517322,3520,1550604,11427,NA,NA,640246,59,138,27939
"2021-09-13",805,262,39,1.34,NA,14,5163,NA,3707,166,61,401,149,161,491,18158,50,"2500",172,1518736,1414,1554838,4234,NA,NA,636563,59,138,17600
"2021-09-14",839,702,37,0.99,NA,14,5163,NA,3699,193,98,394,140,166,487,18585,52,"3518",172,1519422,686,1556932,2094,NA,NA,634623,59,138,18008
"2021-09-15",1609,902,38,0.82,NA,14,5163,NA,3832,300,270,404,156,161,496,19078,49,"3270",172,1522304,2882,1565916,8984,NA,NA,626836,59,138,22006
"2021-09-16",1653,1017,39,0.8,NA,14,5163,NA,4033,349,245,419,153,156,533,19312,56,"2193",172,1525391,3087,1575623,9707,NA,NA,618938,59,138,32152
"2021-09-17",1738,1061,39,1.05,NA,14,5313,NA,4110,333,263,410,158,136,554,19904,59,"2365",172,1528520,3129,1584828,9205,NA,NA,611039,59,138,30753
"2021-09-18",1791,1128,36,1.39,NA,14,5313,NA,4183,344,222,419,153,144,563,20495,59,"3282",172,1531364,2844,1593836,9008,NA,NA,603415,60,138,27869
"2021-09-19",1834,501,40,1.45,NA,14,5313,22.96,4215,257,238,416,156,149,584,20503,57,"2946",172,1534800,3436,1602877,9051,NA,NA,595345,59,138,25656
"2021-09-20",1137,179,37,1.32,NA,14,5313,NA,4372,211,65,421,163,165,605,20587,59,"3174",172,1536151,1351,1606628,3741,NA,NA,613505,60,138,21170
"2021-09-21",1060,768,42,1,NA,14,5313,NA,4361,230,74,407,156,175,582,20897,46,"3455",172,1536888,737,1608321,1693,NA,NA,611924,60,138,19308
"2021-09-22",1521,821,43,0.82,NA,14,5313,NA,4472,333,293,393,152,176,598,20966,42,"2787",172,1540084,3196,1616887,8556,NA,NA,759137,60,138,25176
"2021-09-23",1698,954,53,0.77,NA,16,5863,NA,4473,355,317,363,160,175,601,20912,42,"2574",172,1543178,3094,1624846,7959,NA,NA,751986,60,138,34279
"2021-09-24",1874,1324,59,0.95,NA,16,5863,NA,4522,348,296,377,178,171,598,21306,38,"2555",172,1546543,3365,1632391,7545,NA,NA,744618,60,138,31107
"2021-09-25",1907,1508,50,1.2,NA,16,5863,NA,4602,355,268,406,177,181,561,21810,37,"2780",172,1550071,3528,1641321,8930,NA,NA,736344,60,138,28005
"2021-09-26",2055,370,56,1.36,NA,16,5863,NA,4764,355,244,410,195,194,565,22093,33,"2112",172,1553248,3177,1649300,7979,NA,NA,728525,60,138,27989
"2021-09-27",1527,526,55,1.36,NA,16,5863,NA,4966,309,116,431,199,202,593,22073,33,"1405",172,1554722,1474,1652961,3661,NA,NA,724819,60,138,17623
"2021-09-28",1530,1850,58,1.14,NA,16,5863,NA,4970,244,61,407,172,206,587,22073,33,"2780",172,1555409,687,1654830,1869,NA,NA,722954,60,138,18241
"2021-09-29",1933,1890,60,1.01,NA,16,5863,NA,5040,365,304,424,193,186,571,22594,32,"3023",172,1558408,2999,1662647,7184,NA,NA,715080,60,138,25034
"2021-09-30",2077,1926,56,0.94,NA,16,5863,NA,5108,484,382,464,218,196,596,23017,33,"2342",174,1561482,3074,1670676,8029,NA,NA,907435,60,138,34712
"2021-10-01",2281,1947,55,1.06,NA,16,6852,NA,5274,450,350,470,231,216,649,24048,36,"1989",174,1564774,3292,1678787,8111,NA,NA,899093,60,138,30967
"2021-10-02",2494,1174,59,1.25,NA,16,6852,NA,5281,451,345,478,235,229,592,25044,36,"3361",174,1568169,3395,1686749,7962,NA,NA,909131,60,138,31033
"2021-10-03",2463,444,59,1.32,NA,16,6852,29.74,5467,388,291,498,239,231,630,25426,31,"3317",174,1571411,3242,1694976,8227,NA,NA,900790,60,138,27352
"2021-10-04",2198,377,60,1.34,NA,16,6852,NA,5648,275,75,516,255,252,637,25416,33,"2692",174,1572724,1313,1697908,2932,NA,NA,897576,60,138,18992
"2021-10-05",1894,1567,58,1.16,NA,16,6852,NA,5747,258,93,529,249,260,605,26267,33,"3548",174,1573373,649,1699274,1366,NA,NA,895945,60,138,19319
"2021-10-06",2187,1675,55,1,NA,16,7396,NA,5889,437,371,550,249,245,629,26921,32,"3621",174,1576593,3220,1706151,6877,NA,NA,888495,60,138,26375
"2021-10-07",NA,1748,60,0.93,NA,16,7506,NA,5896,505,440,561,254,254,611,27700,34,"3560",174,1579965,3372,1714556,8405,NA,NA,879958,60,138,35208
"2021-10-08",2501,2022,61,0.95,NA,16,7906,NA,6083,443,455,562,257,250,605,28548,139,"3497",174,1583387,3422,1721660,7104,NA,NA,871581,60,138,30795
"2021-10-09",2717,1878,61,1.09,NA,17,8326,NA,6107,513,416,561,250,247,608,29789,139,"3811",174,1586792,3405,1729074,7414,NA,NA,863026,60,138,31781
"2021-10-10",2822,446,64,1.2,NA,17,8326,NA,6284,396,347,568,259,247,639,30037,143,"3336",174,1591276,4484,1737667,8593,NA,NA,852765,60,138,26951
"2021-10-11",2931,371,63,1.26,NA,17,8326,NA,6533,333,122,594,266,316,635,30179,160,"3183",174,1593156,1880,1741554,3887,NA,NA,899012,60,138,23927
"2021-10-12",2158,2459,62,1.18,NA,17,8326,NA,6631,309,101,606,269,321,623,31070,153,"3098",174,1594168,1880,1743313,1759,NA,NA,899012,60,138,20746
"2021-10-13",2470,1984,62,1.06,NA,17,8326,NA,6694,436,522,593,265,324,617,31896,148,"3427",174,1597967,3799,1751056,7743,NA,NA,937615,60,138,20393
"2021-10-14",2345,2004,67,0.95,NA,17,8326,NA,6863,555,512,607,283,331,596,32634,209,"3920",174,1602611,4644,1758787,7731,NA,NA,927334,60,138,37231
"2021-10-15",2632,2359,62,0.88,NA,17,8326,NA,6975,493,442,617,301,352,615,33475,209,"3655",174,1606863,4252,1766778,7991,NA,NA,917161,60,138,34422
"2021-10-16",3088,2245,67,0.99,NA,18,9482,24.86,6979,513,451,631,299,367,620,34654,221,"4870",174,1611724,4861,1776083,9305,NA,NA,905626,60,138,35093
"2021-10-17",3323,924,65,1.1,NA,18,9488,45.94,7175,435,445,646,313,363,645,34675,219,"4556",174,1616683,4959,1785232,9149,NA,NA,893863,60,138,33968
"2021-10-18",3097,340,67,1.23,NA,18,9488,43.19,7413,396,133,654,324,387,636,34959,219,"3689",174,1619324,2641,1789671,4439,NA,NA,887662,60,138,21241
"2021-10-19",3220,3096,68,1.33,NA,18,9488,NA,7448,354,103,681,342,396,589,35880,216,"4397",174,1621090,1766,1792435,2764,NA,NA,883697,60,138,22245
"2021-10-20",3274,3083,62,1.23,NA,18,9488,NA,7523,499,529,698,356,394,609,36593,204,"5764",174,1625828,4738,1800829,8394,NA,NA,844003,60,138,28340
"2021-10-21",3280,2987,68,1.13,NA,18,9488,NA,7639,587,552,707,372,382,569,36703,198,"5410",174,1632533,6705,1811029,10200,NA,NA,828551,60,138,40415
"2021-10-22",3233,3123,67,1.07,NA,18,9488,NA,7699,542,513,725,393,371,569,37098,94,"5206",174,1640443,7910,1823239,12210,NA,NA,810287,60,138,37511
"2021-10-23",3360,2887,67,1.03,NA,18,9488,NA,7683,572,494,756,397,351,574,37663,80,"5829",174,1648613,8170,1835473,12234,NA,NA,792659,60,138,38216
"2021-10-24",3297,1235,69,1.02,NA,18,9488,NA,7656,413,504,744,398,352,598,37671,80,"4407",174,1658290,9677,1848685,13212,NA,NA,771114,60,138,35994
"2021-10-25",2693,1102,65,0.98,NA,18,9488,NA,7767,342,138,736,385,366,613,37683,66,"4142",174,1663388,5098,1800829,5953,NA,NA,844003,60,138,23321
"2021-10-26",2735,2929,72,0.93,NA,18,9488,NA,7974,326,96,745,379,375,596,38333,54,"6073",174,1666781,3393,1857638,3000,NA,NA,754158,60,138,24233
"2021-10-27",2913,3221,74,0.89,NA,18,9488,NA,7969,528,476,716,371,361,577,38295,41,"5468",175,1677707,10926,1867864,10226,NA,NA,734647,60,138,28716
"2021-10-28",3186,3154,70,0.88,NA,18,9488,NA,7870,525,591,716,363,330,567,38443,38,"4633",175,1690559,12852,1876591,8727,NA,NA,714085,60,138,41225
"2021-10-29",3452,3417,76,0.98,NA,18,9488,NA,7845,553,530,718,368,333,570,38968,25,"4318",175,1703494,12935,1886216,9625,NA,NA,693244,60,138,39344
"2021-10-30",3578,2604,76,1.09,NA,18,9488,NA,7808,538,508,746,386,337,585,39315,25,"4290",175,1718567,15073,1894327,8111,NA,NA,671874,60,138,36461
"2021-10-31",3597,1884,82,1.19,NA,18,9488,NA,7782,504,562,745,366,330,627,39413,28,"4297",175,1734600,16033,1901917,7590,NA,NA,704202,60,138,31329
"2021-11-01",3250,1095,85,1.2,NA,18,9488,NA,7989,436,175,747,379,355,644,39740,42,"4253",175,1744330,9730,1904913,2996,NA,NA,692478,60,138,26535
"2021-11-02",3066,3134,83,1.1,NA,18,9488,NA,7969,341,110,749,372,385,587,38604,42,"3789",175,1751660,7330,1906403,1490,NA,NA,784038,60,138,24883
"2021-11-03",3269,3326,86,1,NA,18,9488,NA,7973,507,571,745,365,369,597,38785,33,"3453",177,1767860,16200,1912458,6055,NA,NA,779607,60,138,31156
"2021-11-04",3271,3354,75,0.93,NA,18,9488,NA,7852,472,542,727,377,364,596,39216,42,"4703",177,1783885,16025,1918751,6293,NA,NA,759732,60,138,38263
"2021-11-05",3363,1640,89,0.93,NA,18,9488,NA,7959,454,525,742,373,346,623,39909,42,"3987",177,1798517,14632,1927103,8352,NA,NA,738831,60,138,33347
"2021-11-06",3138,3300,86,0.97,NA,18,9488,NA,7806,439,219,730,380,373,604,40260,57,"3396",177,1806029,7512,1932761,5658,NA,NA,728694,60,138,22156
"2021-11-07",2551,1357,83,0.93,NA,18,9488,NA,7797,366,427,728,387,358,598,40994,56,"3600",177,1812916,6887,1939167,6406,NA,NA,716918,60,138,24365
"2021-11-08",2597,1138,85,0.91,NA,18,9488,NA,7909,314,144,740,390,379,620,41062,56,"3734",177,1819624,6708,1944500,5333,NA,NA,705986,60,138,17517
"2021-11-09",2680,3154,88,0.85,NA,18,9488,NA,7875,339,122,717,362,391,615,41417,56,"3590",177,1825601,5977,1948577,4077,NA,NA,696524,61,138,23546
"2021-11-10",2942,2825,82,0.83,NA,18,9488,NA,7817,425,566,709,364,382,614,41304,55,"2578",177,1837182,11581,1959562,10985,NA,NA,676900,61,138,32895
"2021-11-11",3230,3118,85,0.93,NA,18,9488,NA,7818,440,593,712,374,370,600,41225,62,"3921",177,1850141,12959,1971398,11836,NA,NA,655690,61,138,45315
"2021-11-12",3421,3796,75,1.05,NA,18,9488,NA,7707,390,508,707,363,372,587,40783,56,"3825",177,1863290,13149,1983695,12297,NA,NA,634271,61,138,38720
"2021-11-13",3273,3882,70,1.17,NA,18,9488,37.85,7562,484,508,708,383,371,574,40326,56,"3438",177,1878134,14844,1999037,15342,NA,NA,608803,61,138,35245
"2021-11-14",3144,1575,80,1.21,NA,18,9488,NA,7573,368,430,710,366,341,571,40331,56,"3288",177,1894385,16251,2014848,15811,NA,NA,608264,61,138,32775
"2021-11-15",2968,1144,77,1.12,NA,18,9488,NA,7498,284,149,722,371,344,587,40037,53,"3107",177,1902499,8114,2021726,NA,NA,NA,596484,61,138,19627
"2021-11-16",3131,3419,78,1.02,NA,18,9488,NA,7407,242,88,686,330,344,558,39157,55,"3762",177,1908530,6031,2025384,3658,NA,NA,588292,61,138,15960
"2021-11-17",2793,2573,84,0.94,NA,18,9488,NA,7217,397,546,692,334,304,543,38340,55,"3982",177,1923245,14715,2038860,NA,NA,NA,566199,61,138,28458
"2021-11-18",2645,3849,79,0.88,NA,18,8888,NA,7027,428,562,680,342,287,539,37855,55,"4092",177,1937378,14133,2052908,14048,NA,NA,544705,61,138,32830
"2021-11-19",2714,4425,77,0.88,NA,18,8888,NA,6917,405,507,683,346,275,549,37138,53,"3621",177,1954562,17184,2067857,14949,NA,NA,521010,61,138,31780
"2021-11-20",2637,4177,75,0.86,NA,18,8888,NA,6658,429,454,651,344,273,512,36492,53,"4187",177,1970996,16434,2083014,15157,NA,NA,498203,61,138,31627
"2021-11-21",2496,1614,74,0.87,NA,18,8888,NA,6739,329,457,665,357,281,504,36026,53,"3731",177,1988823,17827,2100375,17361,NA,NA,475185,61,138,29256
"2021-11-22",2215,1073,77,0.87,NA,18,8888,NA,6765,277,128,680,359,290,518,35982,38,"3581",177,1997840,9017,2108890,8515,NA,NA,763469,61,138,16477
"2021-11-23",1060,4837,76,0.75,NA,18,8888,NA,6706,280,71,625,320,291,497,34771,43,"4439",179,2003983,6143,2113775,4885,NA,NA,755974,61,138,19261
"2021-11-24",1387,3147,73,0.66,NA,18,8888,NA,6520,368,483,622,322,271,490,33732,42,"4229",179,2018319,14336,2130349,16574,NA,NA,741686,61,138,26580
"2021-11-25",1538,4912,65,0.59,NA,18,8149,NA,6217,392,525,607,312,235,444,32425,46,"4428",179,2032616,14297,2148327,17978,NA,NA,721365,61,138,35762
"2021-11-26",1704,3455,64,0.57,NA,18,8149,NA,5984,384,524,595,306,169,402,31659,39,"4029",180,2045594,12978,2167358,NA,NA,NA,700414,61,138,32493
"2021-11-27",1879,3316,70,0.77,NA,18,8149,NA,5964,445,399,582,298,146,352,31115,39,"4248",180,2059423,13829,2183327,NA,NA,NA,785121,61,138,32447
"2021-11-28",2072,1082,68,1,NA,18,8149,NA,6054,332,350,584,278,117,344,31214,39,"3692",180,2073441,14018,2199433,16106,NA,NA,760970,61,138,29325
"2021-11-29",2181,926,66,1.26,NA,18,8149,NA,6130,249,120,587,296,112,363,30908,39,"3429",180,2079385,5944,2208945,13527,NA,NA,750682,61,138,19198
"2021-11-30",2103,2554,69,1.45,NA,18,8149,NA,6009,249,60,584,274,116,372,29877,51,"4041",180,2083896,4511,2214540,5595,NA,NA,742724,61,138,19868
"2021-12-01",2419,2769,59,1.35,NA,18,7949,NA,5916,360,399,574,286,120,372,29051,52,"4152",180,2094723,10827,2232572,18032,NA,NA,811471,61,138,28226
"2021-12-02",2623,3106,57,1.3,NA,18,7949,NA,5878,403,451,571,289,118,352,28918,51,"3985",185,2105908,11185,2250406,17834,NA,NA,780434,61,138,37381
"2021-12-03",2609,4023,60,1.24,NA,18,7949,NA,5867,417,410,566,291,117,354,28631,49,"4101",185,2117415,11507,2269647,19241,NA,NA,759121,61,138,35102
"2021-12-04",2528,2760,57,1.24,NA,18,7949,NA,5739,411,357,571,299,107,359,28662,49,"3764",185,2128993,11578,2289243,19596,NA,NA,737838,61,138,35072
"2021-12-05",2420,961,61,1.16,NA,18,7949,NA,5846,339,371,592,322,116,384,28509,49,"3085",185,2140942,11949,2311640,22397,NA,NA,716625,61,138,32940
"2021-12-06",2412,794,55,1.07,NA,18,7949,NA,5869,271,110,580,319,122,395,28497,41,"2917",185,2146662,5720,2321801,10161,NA,NA,706484,61,143,18641
"2021-12-07",2381,3836,51,1,NA,18,7949,NA,5956,244,74,581,314,128,390,28371,41,"3303",185,2150664,4002,2328852,7051,NA,NA,698992,61,143,21403
"2021-12-08",2209,3527,49,0.93,NA,18,7949,NA,5888,351,355,570,312,135,376,27764,35,"3742",185,2160282,9618,2348282,19430,NA,NA,681341,61,143,30187
"2021-12-09",2111,2961,54,0.9,NA,18,7949,NA,5808,391,436,564,311,132,387,27476,21,"3270",185,2169625,9343,2370208,21926,NA,NA,730016,61,143,37365
"2021-12-10",2267,2866,55,0.9,NA,18,7949,NA,5793,387,374,548,299,143,396,27251,19,"3173",190,2177951,8326,2390520,20312,NA,NA,713017,61,143,36427
"2021-12-11",2045,2759,61,0.89,NA,18,7949,NA,5645,371,346,553,299,144,397,27139,19,"3350",190,2185564,7613,2412168,21648,NA,NA,922041,61,143,33850
"2021-12-12",2012,1283,63,0.9,NA,18,7949,NA,5603,290,424,549,308,134,405,26899,19,"3140",190,2193047,7483,2437441,25273,NA,NA,904800,61,143,31044
"2021-12-13",1968,687,60,0.91,NA,18,7949,NA,5871,270,128,601,333,143,412,27027,18,"2955",190,2196763,7483,2448119,10678,NA,NA,896595,61,143,18051
"2021-12-14",1989,3098,62,0.89,NA,18,7449,NA,5878,311,75,557,320,146,389,26650,17,"4019",190,2199497,2734,2454585,6466,NA,NA,891211,61,143,12128
"2021-12-15",2055,2426,59,0.93,NA,17,7449,NA,5864,386,374,575,333,159,380,26527,15,"3393",190,2205375,5878,2474497,19912,NA,NA,892135,61,143,30382
"2021-12-16",1992,2424,61,0.95,NA,17,7449,NA,5775,423,450,570,321,157,375,26101,83,"3412",190,2211802,6427,2494457,19960,NA,NA,939695,61,143,36922
"2021-12-17",1984,2213,63,0.97,NA,17,7852,NA,5779,448,394,568,330,155,386,26350,83,"3521",190,2217726,5924,2514315,19858,NA,NA,925699,61,143,34859
"2021-12-18",1997,2348,71,1,NA,17,7852,NA,5785,445,367,581,319,170,386,26181,87,"3888",190,2222839,5113,2533302,18987,NA,NA,912821,61,143,32799
"2021-12-19",1955,920,67,0.99,NA,17,7852,NA,5935,322,361,585,327,173,399,26348,88,"2999",190,2227882,5043,2552211,18909,NA,NA,1030922,61,143,26647
"2021-12-20",1958,844,64,0.99,NA,17,8002,NA,6045,309,121,572,319,181,420,26087,92,"2765",190,2230599,2717,2560601,8390,NA,NA,1024492,61,143,17808
"2021-12-21",2075,2302,66,1,NA,17,8002,NA,6084,287,85,590,311,184,472,25703,89,"3387",190,2232312,1713,2566820,6219,NA,NA,1020297,61,143,18117
"2021-12-22",2166,2658,60,1.02,NA,17,8002,NA,6054,408,384,586,309,181,498,25446,86,"3001",190,2236892,4580,2583251,16431,NA,NA,1009394,61,143,26481
"2021-12-23",2198,2633,55,1.06,NA,17,8002,NA,6106,421,407,592,322,184,514,24924,85,"3347",190,2241304,4412,2599948,16697,NA,NA,999184,61,143,33832
"2021-12-24",2117,2704,55,1.08,NA,17,8002,NA,5970,373,379,581,313,188,508,24991,85,"3256",190,2245715,4411,2616648,16700,NA,NA,988077,61,143,29447
"2021-12-25",2072,2891,52,1.07,NA,17,8002,NA,5959,391,356,589,313,182,545,24482,81,"3217",190,2249996,4281,2632026,15378,NA,NA,977921,61,143,28161
"2021-12-26",1851,885,64,1.01,NA,17,8002,NA,5974,323,359,596,323,117,558,24543,80,"2192",190,2254023,4027,2647398,15372,NA,NA,968073,61,143,27513
"2021-12-27",1834,901,60,0.94,NA,17,8002,NA,5986,265,156,604,333,180,594,24306,80,"1993",190,2256039,2016,2654289,6891,NA,NA,963447,61,143,17287
"2021-12-28",1802,3182,61,0.88,NA,17,8002,NA,5971,224,75,598,330,187,544,23219,16,"2717",190,2257193,1154,2658558,4269,NA,NA,960887,61,143,16720
"2021-12-29",1526,2729,59,0.82,NA,17,8002,NA,5673,338,503,562,308,159,496,22578,1,"2739",190,2259974,2781,2671884,13326,NA,NA,958257,61,143,22978
"2021-12-30",1532,3236,60,0.81,NA,17,8002,NA,5509,384,584,567,313,129,506,21846,1,"2196",190,2263449,3475,2685000,13116,NA,NA,949254,61,143,30391
"2021-12-31",1529,2468,51,0.81,NA,17,8002,NA,5269,384,480,560,301,127,532,21093,0,"2273",190,2265751,2302,2696022,11022,NA,NA,943249,61,143,29047
"2022-01-01",1534,778,56,0.81,NA,17,8002,NA,5252,291,468,582,330,92,548,20975,0,"2143",190,2267169,1418,2703475,7453,NA,NA,939728,61,143,22940
"2022-01-02",1468,528,57,0.86,NA,17,8002,NA,5273,215,128,611,344,107,487,20873,0,"1920",190,2267498,329,2704763,1288,NA,NA,938396,61,143,11512
"2022-01-03",1341,718,55,0.88,NA,17,8002,NA,5391,219,20,609,345,114,452,20718,0,"1754",190,2267564,66,2705017,254,NA,NA,937949,61,143,10858
"2022-01-04",1297,1223,63,0.88,NA,17,8002,NA,5334,250,100,583,328,119,431,20409,0,"1425",190,2268151,587,2706822,1805,NA,NA,936440,61,143,10181
"2022-01-05",1273,1414,61,0.88,NA,17,8002,NA,5387,289,255,615,345,131,407,20530,6,"1316",190,2269766,1615,2711940,5118,NA,NA,932870,61,143,15651
"2022-01-06",1286,1253,58,0.86,NA,17,8002,NA,5435,316,142,627,345,138,372,20540,6,"1375",190,2271683,1917,2717821,5881,NA,NA,924413,61,143,18253
"2022-01-07",1291,1078,61,0.88,NA,17,8002,NA,5398,354,260,619,356,152,348,20607,8,"1344",190,2273720,2037,2723496,5675,NA,NA,919912,61,143,17759
"2022-01-08",1376,880,63,0.93,NA,17,8002,NA,5543,381,347,625,360,159,338,20922,21,"1386",190,2275839,2119,2729549,6053,NA,NA,915165,61,143,15373
"2022-01-09",1323,1228,60,0.98,NA,17,8002,NA,5726,311,82,613,367,171,313,20832,19,"1250",190,2277038,1199,2732661,3112,NA,NA,912487,61,143,17018
"2022-01-10",1419,772,62,1.04,NA,17,8002,NA,5734,294,219,626,369,178,328,21021,19,"1177",190,2279046,2008,2738177,5516,NA,NA,907955,61,143,15541
"2022-01-11",1512,2576,66,1.09,NA,17,8002,NA,5791,263,67,611,354,184,302,21065,18,"1630",190,2280480,1434,2741495,3318,NA,NA,904710,61,143,24551
"2022-01-12",1659,2468,55,1.13,NA,17,8002,NA,5798,390,389,603,344,176,312,21446,18,"1736",190,2285020,4540,2753546,12051,NA,NA,894901,61,143,29503
"2022-01-13",1839,2614,58,1.22,NA,17,8002,NA,5612,383,419,602,339,176,329,22243,18,"1503",190,2289537,4517,2764586,11040,NA,NA,884495,61,143,34276
"2022-01-14",2708,2874,61,1.43,NA,17,8002,NA,5543,358,356,576,334,176,332,23377,17,"1651",190,2295474,5937,2775811,11225,NA,NA,871408,61,143,31660
"2022-01-15",3314,2853,62,1.69,NA,18,8002,NA,5444,338,331,591,328,174,322,24818,17,"1659",190,2300867,5393,2789863,14052,NA,NA,863597,61,143,30340
"2022-01-16",3958,1142,63,2,NA,18,8002,NA,5530,314,380,603,356,179,358,25267,15,"1395",190,2306135,5268,2800623,10760,NA,NA,850617,61,143,28028
"2022-01-17",4132,625,65,2.2,NA,18,8002,NA,5628,260,117,608,358,171,394,25656,15,"1795",190,2309513,3378,2806697,6074,NA,NA,842546,61,143,18486
"2022-01-18",4078,2441,64,2.01,NA,18,8002,NA,5672,253,73,594,330,173,379,27410,15,"2935",190,2311470,1957,2809999,3302,NA,NA,837986,61,143,20165
"2022-01-19",4382,1449,62,1.74,NA,18,8002,NA,5632,431,403,589,351,151,406,29808,27,"2984",190,2316257,4787,2819168,9169,NA,NA,826160,61,143,30090
"2022-01-20",4753,2646,62,1.47,NA,18,8002,NA,5533,414,411,578,347,153,409,29799,34,"2871",190,2320951,4694,2827108,7940,NA,NA,814516,61,143,40564
"2022-01-21",5922,2969,45,1.36,NA,18,8002,NA,5643,479,427,590,345,154,427,36789,26,"3684",190,2325471,4520,2834326,7218,NA,NA,803062,61,143,45096
"2022-01-22",8451,2579,58,1.52,NA,18,8002,NA,5786,487,336,588,338,166,450,41957,26,"3599",190,2329413,3942,2840227,5901,NA,NA,792771,61,142,46201
"2022-01-23",9535,1196,65,1.73,NA,18,8002,44.91,6013,473,369,602,337,192,490,45639,76,"3103",190,2333531,4118,2846674,6447,NA,NA,780627,61,145,50101
"2022-01-24",8413,645,63,1.86,NA,18,8052,NA,6255,383,129,638,347,197,503,48416,78,"3078",190,2335700,2169,2849520,2846,NA,NA,777868,61,145,36912
"2022-01-25",9722,2815,58,1.89,NA,18,8301,NA,6346,342,116,601,318,206,476,54576,78,"3255",190,2337608,1908,2851531,2011,NA,NA,773722,61,145,36035
"2022-01-26",10581,3118,55,1.63,NA,19,8436,NA,6515,657,532,598,310,212,489,62434,117,"3209",190,2341112,3504,2857144,5613,NA,NA,764484,61,145,53559
"2022-01-27",11808,3228,64,1.41,NA,20,8687,NA,6591,753,532,588,317,214,499,69351,138,"3234",190,2344126,3014,2862832,5688,NA,NA,755706,61,145,73043
"2022-01-28",13976,3281,57,1.43,NA,20,8687,NA,6714,713,612,580,316,222,531,79089,161,"4398",190,2347224,3098,2868523,5691,NA,NA,746878,61,145,78825
"2022-01-29",14939,2880,63,1.42,NA,20,8744,NA,6816,711,500,588,308,243,545,89191,161,"5285",190,2350206,2982,2874047,5524,NA,NA,738288,61,145,87176
"2022-01-30",17833,1337,65,1.53,NA,20,8744,NA,7109,647,532,599,318,242,580,93523,170,"4284",190,2353098,2889,2879076,5029,NA,NA,729129,61,145,78971
"2022-01-31",15802,1614,60,1.54,NA,20,8744,NA,7449,520,224,608,329,264,617,98435,161,"3868",190,2354481,1381,2882427,3351,NA,NA,722475,61,145,61482
"2022-02-01",13619,4313,58,1.35,NA,20,9104,NA,7496,538,191,593,309,268,640,107400,158,"4547",190,2355327,756,2884397,1970,NA,NA,722742,61,145,54886
"2022-02-02",19234,4315,63,1.3,NA,21,9199,NA,7673,731,691,599,319,241,606,116530,157,"4272",190,2357566,2329,2890598,6201,NA,NA,715953,61,145,75732
"2022-02-03",21234,6295,56,1.19,NA,21,9839,NA,7927,885,705,598,302,282,606,127763,150,"4032",190,2359654,2088,2896912,6314,NA,NA,709904,61,145,92542
"2022-02-04",21832,6867,57,1.21,NA,21,9839,NA,7882,800,730,592,297,300,620,137815,83,"4158",190,2361587,1933,2902889,5977,NA,NA,704479,61,145,90166
"2022-02-05",21780,6390,65,1.35,NA,21,9839,NA,7890,746,659,610,303,319,587,147219,87,"3884",190,2363581,1994,2909117,6228,NA,NA,698893,61,145,93967
"2022-02-06",21448,5863,67,1.3,NA,21,9839,NA,8234,699,689,636,316,350,574,149865,82,"3064",190,2365825,2244,2915422,6305,NA,NA,692728,61,145,98086
"2022-02-07",13372,3359,64,1.12,NA,21,9839,NA,8613,606,249,644,336,390,605,153092,48,"2459",190,2366839,1014,2918557,3135,NA,NA,690077,61,145,63397
"2022-02-08",11014,9090,67,0.89,NA,21,10039,NA,8753,584,204,648,329,420,561,158464,37,"769",190,2367434,595,2920634,2077,NA,NA,688437,61,153,60001
"2022-02-09",19644,11242,60,0.78,NA,21,10039,NA,8523,759,819,639,325,416,512,160110,27,"677",190,2368828,1394,2926241,5607,NA,NA,685184,61,153,72865
"2022-02-10",21644,15215,58,0.76,NA,21,10039,NA,8600,780,831,650,327,412,510,161818,21,"316",190,2370435,1607,2931929,5688,NA,NA,680701,61,153,82309
"2022-02-11",22070,20359,66,0.95,NA,21,10039,NA,8646,796,680,625,314,426,532,160047,21,"571",190,2371905,1470,2937547,5618,NA,NA,684141,61,153,76074
"2022-02-12",21689,15962,69,1.26,NA,21,10039,NA,8516,742,675,617,311,437,543,160805,0,"630",190,2373386,1481,2942961,5414,NA,NA,679512,61,153,71579
"2022-02-13",20136,10262,72,1.31,NA,21,10039,NA,8657,628,682,630,323,464,556,158138,NA,"257",190,2375107,1721,2948338,5377,NA,NA,674304,61,153,60556
"2022-02-14",11384,7369,70,1.15,NA,21,10039,NA,8938,488,220,658,344,480,570,156810,NA,"173",190,2376017,910,2950807,2469,NA,NA,671978,61,153,40227
"2022-02-15",7091,22195,73,0.81,NA,21,9790,NA,8864,440,198,642,326,492,526,153036,NA,"304",190,2377048,1031,2952591,1784,NA,NA,670034,61,153,32629
"2022-02-16",17151,24960,75,0.66,NA,21,9790,NA,8617,620,765,607,323,435,498,149784,NA,"476",190,2378748,1700,2956769,4178,NA,NA,666174,61,153,42891
"2022-02-17",16595,27271,74,0.61,NA,21,9699,NA,8286,712,749,617,335,412,505,142643,NA,"441",190,2380327,1579,2961758,4989,NA,NA,661852,61,153,46863
"2022-02-18",16398,28876,78,0.76,NA,21,9699,NA,8256,737,696,597,321,390,504,142643,NA,"718",190,2381615,1288,2965802,4044,NA,NA,658257,61,153,42305
"2022-02-19",18042,24438,83,1.13,NA,21,9700,NA,7989,604,597,569,301,350,490,126346,NA,"617",190,2382893,1278,2969873,NA,NA,NA,654415,61,153,35226
"2022-02-20",16599,9143,82,1.21,NA,21,9700,NA,7956,471,609,583,316,380,492,123528,NA,"202",190,2384366,1473,2973955,NA,NA,NA,650107,61,153,34377
"2022-02-21",9043,6928,80,1.15,NA,21,9700,NA,8017,330,179,616,333,381,500,120735,NA,"198",190,2385213,847,2976459,NA,NA,NA,647887,61,153,21086
"2022-02-22",6575,21878,81,0.88,NA,21,9700,NA,7816,291,140,604,313,389,453,115258,NA,"507",190,2385724,511,2977756,NA,NA,NA,646580,61,153,18237
"2022-02-23",9794,25634,83,0.62,NA,19,9407,44.47,7507,449,629,584,300,354,417,108387,NA,"476",190,2387611,1887,NA,NA,NA,NA,642446,61,153,27595
"2022-02-24",8742,6591,79,0.5,NA,19,9407,NA,7450,411,639,608,310,319,417,106402,NA,"69",190,2388993,1382,NA,NA,NA,NA,639313,61,153,27105
"2022-02-25",7572,20360,75,0.54,NA,19,9407,NA,7099,255,189,579,296,317,387,100381,NA,"976",190,2389917,924,NA,NA,NA,NA,637459,61,153,21577
"2022-02-26",7409,23402,76,0.67,NA,19,9407,NA,6594,355,565,545,260,283,336,92469,NA,"0",190,2391611,1694,NA,NA,NA,NA,633601,61,153,22478
"2022-02-27",6442,7344,81,0.72,NA,19,9407,NA,6443,269,660,553,276,230,308,89880,NA,"294",190,2393743,2132,NA,NA,NA,NA,628976,61,153,23290
"2022-02-28",5409,5202,78,0.79,NA,19,9407,NA,6446,198,148,545,268,232,299,87342,NA,"351",190,2394808,1065,2997064,NA,NA,NA,626850,61,153,14621
"2022-03-01",3421,19445,77,0.69,NA,19,8797,NA,6108,193,93,530,248,237,267,79673,NA,"602",190,2395254,446,2997919,NA,NA,NA,625921,61,153,15192
"2022-03-02",4514,20324,66,0.59,NA,19,8565,NA,5732,306,650,517,235,184,205,70283,NA,"437",190,2398698,3444,3001036,NA,NA,NA,620032,61,153,21686
"2022-03-03",3562,17291,65,0.56,NA,16,5977,NA,5304,298,552,480,218,152,178,62080,NA,"221",190,2400080,1382,3004236,NA,NA,NA,616494,61,153,23363
"2022-03-04",3422,9685,69,0.56,NA,16,5827,NA,4800,278,494,431,181,139,0,66974,NA,"405",190,2401180,1100,3006748,NA,NA,NA,613379,61,153,18148
"2022-03-05",3481,9922,61,0.66,NA,16,5827,NA,4562,250,460,422,161,129,0,61624,NA,"315",190,2402171,991,3009637,NA,NA,NA,610626,61,153,16180
"2022-03-06",3155,11171,65,0.69,NA,16,5827,NA,4218,239,446,411,156,116,0,55264,NA,"114",190,2403324,1153,3012544,NA,NA,NA,607659,61,153,16483
"2022-03-07",3096,9821,59,0.78,NA,16,5827,NA,4036,177,416,385,141,90,0,55264,NA,"136",190,2404041,717,3013892,NA,NA,NA,605910,61,153,11831
"2022-03-08",2748,2326,59,0.84,NA,16,5327,NA,4040,124,81,390,147,85,0,55264,NA,"176",190,2404236,195,3014337,NA,NA,NA,605406,61,153,8449
"2022-03-09",2642,2414,54,0.78,NA,16,5327,NA,4042,122,70,385,142,85,0,55264,NA,"387",190,2404370,134,3014754,NA,NA,NA,604952,61,153,5663
"2022-03-10",2402,10733,41,0.8,NA,16,4203,NA,3887,131,43,362,128,NA,0,48165,NA,"186",190,2404474,102,3014999,NA,NA,NA,605216,61,153,10013
"2022-03-11",2595,13357,40,0.79,NA,16,4203,NA,3520,222,319,358,134,NA,NA,45175,NA,"197",190,2405608,1133,3017603,NA,NA,NA,603083,61,153,11952
"2022-03-12",2381,7665,37,0.8,NA,16,4203,NA,3148,199,459,332,132,NA,NA,37585,NA,"302",190,2413590,7982,3034857,NA,NA,NA,600363,61,153,15223
"2022-03-13",1923,1182,36,0.8,NA,16,4203,NA,2990,127,424,325,132,NA,NA,37585,NA,"179",190,2414451,861,3036894,NA,NA,NA,598116,61,153,11812
"2022-03-14",1547,1162,38,0.78,NA,16,4203,NA,3029,105,79,324,124,NA,NA,37585,NA,"95",190,2414925,474,3037703,NA,NA,NA,598116,61,153,6902
"2022-03-15",1264,6031,30,0.68,NA,14,3292,NA,2869,112,56,305,105,NA,NA,31616,NA,"232",186,2415322,397,3038418,NA,NA,NA,596986,61,153,9276
"2022-03-16",1569,6279,34,NA,NA,14,3267,NA,2574,192,327,287,88,NA,NA,30445,NA,"319",186,2416219,897,3040359,NA,NA,NA,594881,61,153,12317
"2022-03-17",1560,5777,28,NA,NA,14,3267,NA,2463,197,324,286,80,NA,NA,23520,NA,"178",186,2417099,880,3042044,NA,NA,NA,592839,61,153,14725
"2022-03-18",1486,4487,28,NA,NA,14,3267,NA,2434,215,244,291,88,NA,NA,21903,NA,"160",186,2418008,909,3043807,NA,NA,NA,590463,61,153,12080
"2022-03-19",1472,3936,27,NA,NA,14,3267,NA,2341,166,192,272,90,NA,NA,19378,NA,"195",186,2418932,924,3045433,NA,NA,NA,588368,61,153,10806
"2022-03-20",1398,1024,23,NA,NA,14,3267,NA,2337,115,171,270,84,NA,NA,19378,NA,"115",186,2419783,851,3047651,NA,NA,NA,586333,61,153,8850
"2022-03-21",1352,508,25,NA,NA,14,3267,NA,2404,95,40,277,96,NA,NA,19378,NA,"133",186,2420205,422,3048248,NA,NA,NA,585587,61,153,5524
"2022-03-22",1309,4567,24,NA,NA,14,2867,NA,2301,112,43,245,72,NA,NA,17027,NA,"155",186,2420341,136,3048500,NA,NA,NA,585295,61,153,8377
"2022-03-23",1431,4319,21,NA,NA,14,2867,NA,2233,162,222,261,75,NA,NA,15941,NA,"122",186,2421029,688,3050247,NA,NA,NA,583736,61,153,10403
"2022-03-24",1279,3762,22,NA,NA,14,2867,NA,2159,164,195,247,67,NA,NA,14699,NA,"94",186,2421932,903,3052087,NA,NA,NA,581639,61,153,11543
"2022-03-25",1237,3320,25,NA,NA,14,2867,NA,2105,149,195,240,63,NA,NA,13990,NA,"72",186,2422772,840,3053241,NA,NA,NA,579599,61,153,10876
"2022-03-26",1145,2272,25,NA,NA,14,2867,NA,2028,132,186,240,67,NA,NA,13140,NA,"51",186,2423663,891,3054770,NA,NA,NA,577466,61,153,10602
"2022-03-27",1105,531,18,NA,NA,14,2867,NA,2012,109,154,253,62,NA,NA,13140,NA,"70",186,2424702,1039,3056090,NA,NA,NA,575156,61,153,8471
"2022-03-28",998,262,19,NA,NA,14,2867,NA,2047,60,34,256,63,NA,NA,13140,NA,"119",186,2425055,353,3056540,NA,NA,NA,573142,61,153,4897
"2022-03-29",980,1959,17,NA,NA,12,2436,NA,1968,67,50,244,51,NA,NA,12771,NA,"171",186,2425180,125,3056755,NA,NA,NA,574248,61,153,7071
"2022-03-30",1084,3741,20,NA,NA,12,2436,NA,1875,114,187,216,50,NA,NA,12729,NA,"138",185,2425957,777,3057865,NA,NA,NA,572390,61,153,9618
"2022-03-31",931,4811,19,NA,NA,12,2436,NA,1784,143,173,241,59,NA,NA,12371,NA,"96",185,2427110,1153,3058955,NA,NA,NA,569966,61,153,11125
"2022-04-01",958,5204,19,NA,NA,10,2009,NA,1758,119,189,235,58,NA,NA,11956,NA,"158",185,2428149,1039,3060133,NA,NA,NA,567493,61,153,10612
"2022-04-02",917,4732,16,NA,NA,10,2009,NA,1642,107,194,232,51,NA,NA,10632,NA,"190",185,2429242,1093,3061283,NA,NA,NA,565086,61,153,8901
"2022-04-03",764,4798,17,NA,NA,10,2009,NA,1617,86,135,242,47,NA,NA,10632,NA,"218",185,2430906,1664,3065472,NA,NA,NA,562304,61,153,7059
"2022-04-04",759,4818,18,NA,NA,10,2009,NA,1637,42,23,248,47,NA,NA,10632,NA,"213",185,2431224,318,3065744,NA,NA,NA,561639,61,153,4823
"2022-04-05",700,4562,19,NA,NA,9,1859,NA,1691,74,26,248,40,NA,NA,10488,NA,"237",185,2431600,376,3066135,NA,NA,NA,561109,61,153,7639
"2022-04-06",734,2597,15,NA,NA,9,1859,NA,1630,124,121,243,45,NA,NA,10077,NA,"267",185,2432672,1072,3066839,NA,NA,NA,559000,61,153,9980
"2022-04-07",715,1938,16,NA,NA,9,1859,NA,1594,140,134,233,46,NA,NA,9490,NA,"164",185,2433486,814,3067837,NA,NA,NA,557754,61,153,11001
"2022-04-08",743,1873,9,NA,NA,9,1859,NA,1600,81,114,235,44,NA,NA,9181,NA,"83",185,2434385,899,3068441,NA,NA,NA,555429,61,153,9442
"2022-04-09",689,1531,14,NA,NA,9,1859,NA,1553,121,132,223,42,NA,NA,8881,NA,"111",185,2435216,831,3069373,NA,NA,NA,552923,61,153,9206
"2022-04-10",617,816,14,NA,NA,9,1859,NA,1587,75,74,222,45,NA,NA,8881,NA,"136",185,2436086,870,3069969,NA,NA,NA,550534,61,153,8259
"2022-04-11",609,674,12,NA,NA,9,1859,NA,1653,87,34,224,47,NA,NA,8881,NA,"127",185,2436340,254,3070310,NA,NA,NA,549572,61,153,5498
"2022-04-12",508,1408,16,NA,NA,9,1859,NA,1617,82,26,220,41,NA,NA,8566,NA,"158",185,2436670,330,3070449,NA,NA,NA,551121,61,153,7114
"2022-04-13",587,2566,10,NA,NA,9,1859,NA,1543,139,145,213,45,NA,NA,8464,NA,"187",185,2437430,760,3071105,NA,NA,NA,549013,61,153,9461
"2022-04-14",604,1348,14,NA,NA,9,1859,NA,1477,157,167,201,37,NA,NA,8203,NA,"166",185,2438193,763,3071649,NA,NA,NA,546779,61,153,10735
"2022-04-15",619,701,15,NA,NA,9,1859,NA,1491,147,135,191,38,NA,NA,8097,NA,"67",185,2439061,868,3072117,NA,NA,NA,544458,61,153,9649
"2022-04-16",671,826,16,NA,NA,9,1859,NA,1475,155,121,191,34,NA,NA,7627,NA,"42",185,2440049,988,3072744,NA,NA,NA,542100,61,153,9425
"2022-04-17",644,636,15,NA,NA,9,1859,NA,1487,76,91,192,35,NA,NA,7627,NA,"43",185,2441019,970,3073646,NA,NA,NA,539739,61,153,8301
"2022-04-18",628,492,16,NA,NA,7,1491,NA,1550,56,13,223,45,NA,NA,7627,NA,"45",185,2441427,408,3073888,NA,NA,NA,538930,61,153,5274
"2022-04-19",624,625,14,NA,NA,7,1509,NA,1462,54,8,195,33,NA,NA,7467,NA,"82",184,2441507,80,3074000,NA,NA,NA,538686,61,153,6502
"2022-04-20",611,615,12,NA,NA,7,1509,NA,1491,149,148,198,40,NA,NA,7344,NA,"91",184,2442246,739,3074688,NA,NA,NA,536878,61,153,9399
"2022-04-21",579,623,8,NA,NA,7,1509,NA,1501,171,145,202,43,NA,NA,7223,NA,"63",184,2442780,534,3075238,NA,NA,NA,534771,61,153,11861
"2022-04-22",608,649,10,NA,NA,7,1509,NA,1501,184,147,203,43,NA,NA,7010,NA,"50",184,2443485,705,3075917,NA,NA,NA,532814,63,153,9670
"2022-04-23",603,892,9,NA,NA,7,1509,NA,1487,139,133,191,41,NA,NA,6783,NA,"59",184,2444016,531,3076421,NA,NA,NA,530990,63,153,9518
"2022-04-24",587,598,14,NA,NA,7,1509,NA,1487,75,69,185,40,NA,NA,6783,NA,"13",184,2444692,676,3077104,NA,NA,NA,529095,63,153,8149
"2022-04-25",543,435,12,NA,NA,7,1509,NA,1494,82,69,191,45,NA,NA,6783,NA,"52",184,2444915,223,3077250,NA,NA,NA,528552,63,153,4623
"2022-04-26",467,828,11,NA,NA,7,1509,NA,1485,51,20,207,40,NA,NA,6695,NA,"155",184,2445017,102,3077296,NA,NA,NA,528254,63,153,7278
"2022-04-27",510,626,14,NA,NA,7,1509,NA,1393,142,112,199,43,NA,NA,6612,NA,"236",184,2445672,655,3077740,NA,NA,NA,526687,63,153,9757
"2022-04-28",487,715,16,NA,NA,7,1509,NA,1376,140,145,201,45,NA,NA,6439,NA,"174",184,2446246,574,3078194,NA,NA,NA,525042,63,153,10976
"2022-04-29",477,569,16,NA,NA,7,1509,NA,1361,113,114,188,42,NA,NA,6168,NA,"141",184,2446877,631,3079039,NA,NA,NA,523183,63,153,10046
"2022-04-30",492,494,14,NA,NA,7,1509,NA,1323,123,112,186,36,NA,NA,6042,NA,"134",184,2447428,551,3079666,NA,NA,NA,521403,63,153,8821
"2022-05-01",421,353,16,NA,NA,7,1509,NA,1351,94,129,188,42,NA,NA,6042,NA,"143",184,2448159,731,3080545,NA,NA,NA,519567,63,153,8363
"2022-05-02",393,395,13,NA,NA,7,1509,NA,1343,84,40,183,42,NA,NA,6042,NA,"136",184,2448331,172,3080838,NA,NA,NA,519042,63,153,4497
"2022-05-03",356,357,15,NA,NA,7,1509,NA,1394,71,21,199,39,NA,NA,6042,NA,"146",184,2448366,35,3080901,NA,NA,NA,518920,63,153,3338
"2022-05-04",328,329,12,NA,NA,7,1509,NA,1431,67,18,200,41,NA,NA,6042,NA,"171",184,2448418,52,3080957,NA,NA,NA,518787,63,153,4388
"2022-05-05",349,488,15,NA,NA,7,1509,NA,1401,85,52,194,36,NA,NA,5620,NA,"261",184,2448497,79,3081062,NA,NA,NA,518427,63,153,6621
"2022-05-06",364,471,12,NA,NA,7,1509,NA,1343,125,103,197,35,NA,NA,5520,NA,"248",184,2449227,730,3081929,NA,NA,NA,516715,63,153,8992
"2022-05-07",357,410,9,NA,NA,7,1509,NA,1351,111,80,201,33,NA,NA,5276,NA,"214",184,2450146,919,3082733,NA,NA,NA,514724,63,153,8501
"2022-05-08",373,374,14,NA,NA,7,1509,NA,1333,100,107,193,41,NA,NA,5276,NA,"332",184,2451037,891,3083450,NA,NA,NA,512902,63,153,7115
"2022-05-09",312,374,12,NA,NA,7,1509,NA,1387,73,25,195,41,NA,NA,5276,NA,"409",184,2451247,210,3083607,NA,NA,NA,512451,63,153,4436
"2022-05-10",309,316,15,NA,NA,7,1509,NA,1430,44,18,223,48,NA,NA,5276,NA,"434",184,2451333,86,3083647,NA,NA,NA,512291,63,153,3376
"2022-05-11",304,344,14,NA,NA,7,1509,NA,1432,62,14,230,48,NA,NA,5276,NA,"364",184,2451404,71,3083675,NA,NA,NA,512196,63,153,3890
"2022-05-12",321,660,11,NA,NA,7,1509,NA,1348,111,43,184,37,NA,NA,4672,NA,"496",184,2451591,187,3083779,NA,NA,NA,511618,63,153,7788
"2022-05-13",337,549,12,NA,NA,7,1509,NA,1358,129,94,173,32,NA,NA,4519,NA,"552",184,2452562,971,3084723,NA,NA,NA,509511,63,153,9133
"2022-05-14",315,424,13,NA,NA,7,1509,NA,1359,131,104,183,37,NA,NA,4069,NA,"414",184,2453392,830,3085485,NA,NA,NA,507337,63,153,9743
"2022-05-15",358,358,13,NA,NA,7,1509,NA,1407,85,101,185,39,NA,NA,4069,NA,"400",184,2454039,647,3086127,NA,NA,NA,505395,63,153,7588
"2022-05-16",334,285,10,NA,NA,7,1509,NA,1440,73,30,210,36,NA,NA,4069,NA,"368",184,2454248,209,3086336,NA,NA,NA,504841,63,153,4851
"2022-05-17",326,730,11,NA,NA,7,1509,NA,1429,85,22,194,29,NA,NA,3300,NA,"240",184,2454368,120,3086419,NA,NA,NA,504594,63,153,6753
"2022-05-18",361,748,8,NA,NA,7,1509,NA,1372,105,95,189,26,NA,NA,3019,NA,"166",184,2454909,541,3086963,NA,NA,NA,502753,63,153,9311
"2022-05-19",352,489,9,NA,NA,7,1509,NA,1333,113,111,201,28,NA,NA,2787,NA,"473",184,2455701,792,3087775,NA,NA,NA,500671,63,153,9829
"2022-05-20",357,473,11,NA,NA,7,1509,NA,1286,91,100,193,23,NA,NA,2520,NA,"545",181,2456299,598,3088484,NA,NA,NA,498730,63,153,8525
"2022-05-21",339,467,11,NA,NA,7,1509,NA,1282,105,87,196,25,NA,NA,2328,NA,"473",181,2457064,765,3089324,NA,NA,NA,496809,63,153,7061
"2022-05-22",318,101,10,NA,NA,7,1509,NA,1317,60,77,201,25,NA,NA,2328,NA,"373",181,2457724,660,3089846,NA,NA,NA,494739,63,153,6856
"2022-05-23",307,37,9,NA,NA,7,1439,NA,1367,63,14,219,27,NA,NA,2328,NA,"219",181,2458079,355,3090007,NA,NA,NA,494034,63,153,4112
"2022-05-24",304,224,7,NA,NA,7,1439,NA,1277,69,26,190,27,NA,NA,2222,NA,"410",181,2458198,119,3090085,NA,NA,NA,493704,63,153,5741
"2022-05-25",326,513,10,NA,NA,7,1439,NA,1203,106,81,169,27,NA,NA,2138,NA,"416",181,2458851,653,3090700,NA,NA,NA,490077,63,153,8120
"2022-05-26",293,398,10,NA,NA,7,1439,NA,1178,105,74,159,27,NA,NA,2084,NA,"247",181,2459493,642,3090054,NA,NA,NA,495518,63,153,9321
"2022-05-27",317,344,11,NA,NA,7,1439,NA,1148,113,93,175,31,NA,NA,1914,NA,"183",181,2460058,565,3090615,NA,NA,NA,487952,63,153,8109
"2022-05-28",273,352,9,NA,NA,7,1439,NA,1111,107,90,175,29,NA,NA,1808,NA,"341",181,2460675,617,3091291,NA,NA,NA,486069,63,153,8235
"2022-05-29",257,72,12,NA,NA,7,1439,NA,1141,66,80,174,32,NA,NA,1808,NA,"348",181,2461134,459,3091916,NA,NA,NA,484449,63,153,7833
"2022-05-30",253,65,11,NA,NA,7,1439,NA,1169,35,8,181,33,NA,NA,1808,NA,"235",181,2461260,126,3092061,NA,NA,NA,484000,63,153,4658
"2022-05-31",248,414,10,NA,NA,7,1439,NA,1101,70,16,173,41,NA,NA,1764,NA,"304",181,2461399,139,3092146,NA,NA,NA,483485,63,153,6728
"2022-06-01",294,426,10,NA,NA,NA,1414,NA,1099,100,66,149,36,NA,NA,1742,NA,"386",181,2461781,382,3092720,NA,NA,NA,482160,63,153,9302
"2022-06-02",291,323,12,NA,NA,NA,1414,NA,1066,104,114,138,33,NA,NA,1681,NA,"478",181,2462195,414,3093294,NA,NA,NA,480313,63,153,9529
"2022-06-03",302,334,11,NA,NA,NA,1414,NA,1034,97,90,152,34,NA,NA,1589,NA,"618",181,2462476,281,3093698,NA,NA,NA,478867,63,153,7521
"2022-06-04",263,328,9,NA,NA,NA,1414,NA,1017,111,94,155,27,NA,NA,1627,NA,"560",181,2462820,344,3094129,NA,NA,NA,477245,63,153,7574
"2022-06-05",248,198,12,NA,NA,NA,1414,NA,1079,82,53,163,29,NA,NA,1627,NA,"354",181,2463221,401,3094992,NA,NA,NA,475718,63,153,6086
"2022-06-06",242,98,11,NA,NA,NA,1414,NA,1105,50,12,170,32,NA,NA,1627,NA,"315",181,2463349,128,3095078,NA,NA,NA,475326,63,153,3996
"2022-06-07",251,373,9,NA,NA,NA,1414,NA,1060,77,23,161,22,NA,NA,1649,NA,"483",181,2463396,50,3095129,NA,NA,NA,475103,63,153,6518
"2022-06-08",223,336,10,NA,NA,NA,1341,NA,1042,99,101,157,27,NA,NA,1646,NA,"518",181,2463708,316,3095507,NA,NA,NA,473505,63,153,7808
"2022-06-09",212,257,11,NA,NA,NA,1341,NA,1014,96,108,162,29,NA,NA,1634,NA,"418",181,2464036,328,3095806,NA,NA,NA,471185,63,153,7803
"2022-06-10",217,238,10,NA,NA,NA,1341,NA,1017,108,101,165,31,NA,NA,1567,NA,"418",181,2464371,335,3096207,NA,NA,NA,468601,63,153,7357
"2022-06-11",214,226,12,NA,NA,NA,1341,NA,997,97,83,169,36,NA,NA,1560,NA,"402",181,2464658,287,3096561,NA,NA,NA,464431,63,153,6800
"2022-06-12",206,76,10,NA,NA,NA,1341,NA,1053,65,68,177,42,NA,NA,1560,NA,"440",181,2465050,392,3096921,NA,NA,NA,461480,63,153,5227
"2022-06-13",203,205,12,NA,NA,NA,1341,NA,1099,46,15,182,42,NA,NA,1560,NA,"486",181,2465147,97,3097001,NA,NA,NA,460663,63,153,5854
"2022-06-14",201,181,11,NA,NA,NA,1341,NA,1141,38,7,190,42,NA,NA,1560,NA,"415",181,2465235,88,3097027,NA,NA,NA,460551,63,153,6639
"2022-06-15",212,323,10,NA,NA,NA,1341,NA,1046,61,34,181,45,NA,NA,1519,NA,"395",181,2464546,121,3097096,NA,NA,NA,458554,63,153,12939
"2022-06-16",234,289,7,NA,NA,NA,1341,NA,1036,82,112,171,40,NA,NA,1533,NA,"604",181,2465695,339,3097661,NA,NA,NA,457874,63,153,16071
"2022-06-17",228,117,7,NA,NA,NA,1341,NA,1035,104,83,167,41,NA,NA,1487,NA,"569",181,2466064,369,3098158,NA,NA,NA,456119,63,153,9417
"2022-06-18",221,352,5,NA,NA,NA,1341,NA,975,79,91,150,38,NA,NA,1395,NA,"500",181,2466429,365,3098575,NA,NA,NA,453735,63,153,9804
"2022-06-19",217,167,11,NA,NA,NA,1341,NA,987,59,60,139,34,NA,NA,1395,NA,"529",181,2466765,336,3098984,NA,NA,NA,451612,63,153,6092
"2022-06-20",206,169,10,NA,NA,NA,1341,NA,1015,41,24,143,36,NA,NA,1395,NA,"358",181,2466872,107,3099068,NA,NA,NA,451018,63,153,3602
"2022-06-21",NA,NA,NA,NA,NA,NA,NA,NA,NA,NA,NA,NA,NA,NA,NA,NA,NA,NA,NA,NA,NA,NA,NA,NA,NA,NA,NA,NA,NA
"2022-06-22",225,295,9,NA,NA,NA,1341,NA,945,94,78,142,37,NA,NA,1380,NA,"548",181,2467232,312,3099472,NA,NA,NA,448991,63,153,6723
"2022-06-23",220,223,7,NA,NA,NA,1341,NA,927,78,89,141,36,NA,NA,1338,NA,"622",181,2467573,341,3099820,NA,NA,NA,447102,63,153,7597
"2022-06-24",227,218,10,NA,NA,NA,1279,NA,918,93,67,108,29,NA,NA,1342,NA,"668",181,2467799,226,3100143,NA,NA,NA,445076,63,153,8466
"2022-06-25",232,216,12,NA,NA,NA,1279,NA,911,97,67,109,27,NA,NA,1336,NA,"841",181,2468094,295,3100419,NA,NA,NA,442718,63,153,6697
"2022-06-26",244,97,10,NA,NA,NA,1279,NA,950,55,45,114,28,NA,NA,1336,NA,"690",181,2468375,281,3100693,NA,NA,NA,440871,63,153,4982
"2022-06-27",238,19,11,NA,NA,NA,1279,NA,976,35,12,122,28,NA,NA,1336,NA,"333",181,2468464,89,3100768,NA,NA,NA,440118,63,153,4572
"2022-06-28",230,435,8,NA,NA,NA,1279,NA,927,56,19,127,29,NA,NA,1367,NA,"460",181,2468514,50,3100824,NA,NA,NA,439772,63,153,5713
"2022-06-29",241,300,9,NA,NA,NA,1279,NA,904,82,73,120,26,NA,NA,1389,NA,"432",181,2468733,219,3101054,NA,NA,NA,438333,63,153,8349
"2022-06-30",246,242,6,NA,NA,NA,1279,NA,878,86,98,125,26,NA,NA,1369,NA,"473",181,2469000,267,3101281,NA,NA,NA,435264,63,153,7138
"2022-07-01",252,193,6,NA,NA,NA,1279,NA,883,81,69,107,28,NA,NA,1401,NA,"645",181,2469302,302,3101609,NA,NA,NA,431624,63,153,5811
"2022-07-02",257,232,8,NA,NA,NA,1279,NA,824,55,73,114,32,NA,NA,1389,NA,"772",181,2469636,334,3102010,NA,NA,NA,436297,63,153,5235
"2022-07-03",248,96,10,NA,NA,NA,1279,NA,866,40,48,116,29,NA,NA,1389,NA,"0",181,2469782,146,3102190,NA,NA,NA,427694,63,153,5397
"2022-07-04",253,91,9,NA,NA,NA,1279,NA,893,25,2,117,26,NA,NA,1389,NA,"0",181,2469880,146,3102254,NA,NA,NA,427054,63,153,2503
"2022-07-05",251,367,7,NA,NA,NA,1109,NA,871,62,29,126,28,NA,NA,1526,NA,"0",181,2469907,27,3102303,NA,NA,NA,426899,63,153,4703
"2022-07-06",259,244,8,NA,NA,NA,1109,NA,818,64,107,117,31,NA,NA,1552,NA,"0",181,2470103,196,3102437,NA,NA,NA,424662,63,153,6160
"2022-07-07",266,262,7,NA,NA,NA,1109,NA,801,75,86,125,29,NA,NA,1560,NA,"0",181,2470301,198,3102644,NA,NA,NA,423119,63,153,6322
"2022-07-08",273,235,4,NA,NA,NA,1109,NA,801,63,75,102,30,NA,NA,1589,NA,"0",181,2470596,295,3102894,NA,NA,NA,420942,63,153,5419
"2022-07-09",268,NA,6,NA,NA,NA,NA,NA,NA,NA,NA,NA,NA,NA,NA,NA,NA,NA,NA,NA,NA,NA,NA,NA,NA,NA,NA,NA,NA
"2022-07-10",277,182,6,NA,NA,NA,1109,NA,830,45,42,121,27,NA,NA,1604,NA,"0",181,2471203,300,3103386,NA,NA,NA,416728,63,153,4996
"2022-07-11",269,43,8,NA,NA,NA,1109,NA,865,38,14,120,29,NA,NA,1604,NA,"0",181,2471279,76,3103442,NA,NA,NA,416340,63,153,2527
"2022-07-12",275,348,7,NA,NA,NA,1109,NA,811,36,24,112,20,NA,NA,1641,NA,"0",181,2471378,99,3103517,NA,NA,NA,415950,63,153,5538
"2022-07-13",284,285,4,NA,NA,NA,1109,NA,796,67,69,92,22,NA,NA,1694,NA,"0",181,2471633,255,3103739,NA,NA,NA,413839,63,153,6718
"2022-07-14",297,223,5,NA,NA,NA,1109,NA,803,63,76,97,24,NA,NA,1788,NA,"0",181,2472010,377,3104007,NA,NA,NA,410758,63,153,7300
"2022-07-15",329,163,5,NA,NA,NA,1109,NA,792,71,77,104,23,NA,NA,1901,NA,"0",181,2472362,352,3104218,NA,NA,NA,407859,63,153,6968
"2022-07-16",364,114,9,NA,NA,NA,1109,NA,829,100,80,120,25,NA,NA,2004,NA,"0",181,2474018,1656,3104426,NA,NA,NA,403534,63,153,6552
"2022-07-17",435,62,8,NA,NA,NA,1109,NA,835,9,24,120,25,NA,NA,2004,NA,"0",181,2474416,398,3104633,NA,NA,NA,400609,63,153,6039
"2022-07-18",517,28,6,NA,NA,NA,1109,NA,868,17,7,119,22,NA,NA,2004,NA,"0",181,2474516,100,3104665,NA,NA,NA,399513,63,153,3094
"2022-07-19",521,430,5,NA,NA,NA,1109,NA,839,26,24,121,20,NA,NA,2210,NA,"0",181,2474603,87,3104702,NA,NA,NA,398985,63,153,4997
"2022-07-20",572,513,5,NA,NA,NA,1109,NA,813,64,73,97,19,NA,NA,2320,NA,"0",181,2475007,404,3105018,NA,NA,NA,395631,63,153,6524
"2022-07-21",604,546,4,NA,NA,NA,1109,NA,816,74,77,106,22,NA,NA,2510,NA,"0",181,2475438,431,3105246,NA,NA,NA,392256,63,153,7547
"2022-07-22",693,467,7,NA,NA,NA,1109,NA,792,73,64,98,21,NA,NA,2751,NA,"0",181,2475910,472,3105492,NA,NA,NA,388652,63,153,7311
"2022-07-23",711,301,8,NA,NA,NA,1109,NA,777,98,65,98,12,NA,NA,2934,NA,"0",181,2476452,542,3105783,NA,NA,NA,384698,63,153,6655
"2022-07-24",781,462,7,NA,NA,NA,1109,NA,807,60,49,98,13,NA,NA,2934,NA,"0",181,2476827,361,3105977,NA,NA,NA,381632,63,153,6143
"2022-07-25",788,549,8,NA,NA,NA,1109,NA,814,33,24,100,12,NA,NA,2934,NA,"0",181,2476918,105,3106013,NA,NA,NA,380892,63,153,3839
"2022-07-26",794,367,8,NA,NA,NA,1109,NA,833,67,35,112,13,NA,NA,3435,NA,"0",181,2477013,95,3106025,NA,NA,NA,380390,63,153,6200
"2022-07-27",946,323,5,NA,NA,NA,1109,NA,913,115,86,118,14,NA,NA,3870,NA,"0",181,2477519,506,3106220,NA,NA,NA,376826,63,153,8060
"2022-07-28",1151,364,4,NA,NA,NA,1259,NA,946,121,92,113,14,NA,NA,4343,NA,"0",181,2477939,420,3106367,NA,NA,NA,373052,63,153,10214
"2022-07-29",1272,287,7,NA,NA,NA,1309,NA,975,128,73,139,17,NA,NA,4831,NA,"0",181,2478462,523,3106587,NA,NA,NA,368124,63,153,9692
"2022-07-30",1457,688,8,NA,NA,NA,1309,NA,989,100,92,138,15,NA,NA,5666,NA,"0",181,2479128,666,3106950,NA,NA,NA,361982,63,153,8503
"2022-07-31",1596,687,7,NA,NA,NA,1309,NA,1056,78,68,139,17,NA,NA,5666,NA,"0",181,2479659,531,3107209,NA,NA,NA,356313,63,153,8025
"2022-08-01",1711,670,8,NA,NA,NA,1309,NA,1076,69,21,138,16,NA,NA,5666,NA,"0",181,2479903,244,3107296,NA,NA,NA,355086,63,153,4267
"2022-08-02",1635,971,7,NA,NA,NA,1479,NA,1159,82,35,143,19,NA,NA,6838,NA,"0",181,2479995,56,3107362,NA,NA,NA,354172,63,153,6908
"2022-08-03",1781,1183,6,NA,NA,NA,1579,NA,1228,148,110,145,17,NA,NA,7681,NA,"0",181,2480523,528,3107626,NA,NA,NA,347708,63,153,9425
"2022-08-04",1814,1205,6,NA,NA,NA,1742,NA,1277,167,111,115,20,NA,NA,8123,NA,"0",181,2481099,576,3107926,NA,NA,NA,254935,63,153,11760
"2022-08-05",2078,973,7,NA,NA,NA,2142,NA,1346,180,113,131,17,NA,NA,8766,NA,"0",181,2481743,644,3108162,NA,NA,NA,362928,63,153,13183
"2022-08-06",2303,1122,9,NA,NA,NA,2142,NA,1387,192,141,115,18,NA,NA,9707,NA,"0",181,2482435,692,3108463,NA,NA,NA,357051,63,153,13199
"2022-08-07",2410,1168,7,NA,NA,NA,2142,NA,NA,NA,NA,NA,NA,NA,NA,NA,NA,"0",181,NA,NA,NA,NA,NA,NA,NA,63,153,NA
"2022-08-08",2642,1294,8,NA,NA,NA,2142,NA,1570,98,35,145,23,NA,NA,9707,NA,"0",181,2483362,182,3108927,NA,NA,NA,350300,63,153,6084
"2022-08-09",2639,1563,12,NA,NA,NA,2142,NA,1652,114,47,153,16,NA,NA,11265,NA,"0",181,2483448,86,3108968,NA,NA,NA,387226,63,153,9092
"2022-08-10",2894,1788,12,NA,NA,NA,2142,NA,1753,231,101,172,16,NA,NA,12180,NA,"0",181,2484076,628,3109224,NA,NA,NA,266508,63,153,12672
"2022-08-11",2940,1887,9,NA,NA,NA,2142,NA,1849,186,144,179,15,NA,NA,13301,NA,"0",181,2484762,686,3109487,NA,NA,NA,415080,63,153,16191
"2022-08-12",3229,1542,9,NA,NA,NA,2142,NA,1911,206,145,188,29,NA,NA,14075,NA,"0",181,2485530,768,3109734,NA,NA,NA,390034,63,153,15355
"2022-08-13",3454,1876,11,NA,NA,NA,2142,NA,1954,187,133,174,24,NA,NA,16328,NA,"0",181,2486309,779,3110130,NA,NA,NA,402950,63,153,14123
"2022-08-14",3761,1752,14,NA,NA,NA,2142,NA,2069,166,126,181,24,NA,NA,16328,NA,"0",181,2486845,536,3110347,NA,NA,NA,390168,63,153,11996
"2022-08-15",3782,1722,11,NA,NA,NA,2142,NA,2118,108,46,178,29,NA,NA,16328,NA,"0",181,2486973,128,3110390,NA,NA,NA,387146,63,153,6517
"2022-08-16",3776,2970,11,NA,NA,NA,2142,NA,2054,120,170,NA,23,NA,NA,18386,NA,"0",181,2487190,217,3110498,NA,NA,NA,412127,63,153,11533
"2022-08-17",3881,2752,14,NA,NA,NA,2255,NA,2211,238,242,176,28,NA,NA,19799,NA,"0",181,2488310,1120,3110806,NA,NA,NA,382475,63,153,14847
"2022-08-18",3845,3077,11,NA,NA,NA,2712,NA,2247,257,250,179,30,NA,NA,20770,NA,"0",181,2489021,711,3111224,NA,NA,NA,391322,63,153,18907
"2022-08-19",4127,2879,11,NA,NA,NA,2712,NA,2314,291,206,215,31,NA,NA,21372,NA,"0",181,2489769,748,3111546,NA,NA,NA,577343,63,153,16468
"2022-08-20",4399,2697,16,NA,NA,NA,2712,NA,2331,306,225,214,33,NA,NA,22684,NA,"0",181,2490364,595,3111900,NA,NA,NA,527785,63,153,16708
"2022-08-21",4407,2173,14,NA,NA,NA,2712,NA,2461,206,164,215,32,NA,NA,22684,NA,"0",181,2490940,576,3112198,NA,NA,NA,596700,63,153,14222
"2022-08-22",4410,2645,5,NA,NA,NA,2768,NA,2527,138,54,196,34,NA,NA,22684,NA,"0",181,2491095,155,3112247,NA,NA,NA,591866,63,153,7276
"2022-08-23",4412,4641,18,NA,NA,NA,2768,NA,2553,156,58,198,38,NA,NA,24893,NA,"0",181,2491267,172,3112273,NA,NA,NA,572895,63,153,10499
"2022-08-24",4406,4821,20,NA,NA,NA,2880,NA,2593,296,278,215,45,NA,NA,26105,NA,"0",181,2492010,743,3112682,NA,NA,NA,591247,63,153,16043
"2022-08-25",4423,4161,19,NA,NA,NA,2930,NA,2347,258,250,199,53,NA,NA,26799,NA,"0",181,3303228,812,3112976,NA,NA,NA,572833,63,153,18751
"2022-08-26",4435,5009,22,NA,NA,NA,3030,NA,2346,223,222,207,53,NA,NA,27476,NA,"0",181,3304184,956,3113351,NA,NA,NA,682541,63,153,16634
"2022-08-27",4214,4417,20,NA,NA,NA,3030,NA,2351,252,239,211,63,NA,NA,27399,NA,"0",181,3304992,808,3113718,NA,NA,NA,668995,63,153,15902
"2022-08-28",4269,2930,22,NA,NA,NA,3030,NA,2297,213,271,199,55,NA,NA,27399,NA,"0",181,3305851,859,3113936,NA,NA,NA,664292,63,153,13064
"2022-08-29",3842,3412,15,NA,NA,NA,3030,NA,2391,189,89,209,57,NA,NA,27399,NA,"0",181,3306033,182,3113966,NA,NA,NA,660251,63,153,6873
"2022-08-30",3497,5010,23,NA,NA,NA,3030,NA,2462,154,71,193,61,NA,NA,28093,NA,"0",181,3306213,180,3114001,NA,NA,NA,644848,63,153,12260
"2022-08-31",3247,3845,19,NA,NA,NA,3030,NA,2412,234,288,200,62,NA,NA,28054,NA,"0",181,3307088,875,3114387,NA,NA,NA,742129,63,153,16795
"2022-09-01",3152,3980,19,NA,NA,NA,3030,NA,2334,215,298,204,60,NA,NA,27634,NA,"0",181,3307786,698,3114743,NA,NA,NA,657142,63,153,20396
"2022-09-02",3159,2981,12,NA,NA,NA,3030,NA,2291,189,219,205,59,NA,NA,27142,NA,"0",181,3308437,651,3115183,NA,NA,NA,672145,63,153,20396
"2022-09-03",3013,2176,11,NA,NA,NA,2960,NA,2221,165,226,192,56,NA,NA,27311,NA,"0",181,3308994,557,3115515,NA,NA,NA,709596,63,153,14330
"2022-09-04",3018,2623,17,NA,NA,NA,2960,NA,2158,172,230,182,62,NA,NA,27311,NA,"0",181,3309529,535,3115877,NA,NA,NA,701490,63,153,10395
"2022-09-05",2997,2690,12,NA,NA,NA,2848,NA,2174,130,110,183,61,NA,NA,27268,NA,"0",181,3309638,109,3115922,NA,NA,NA,697102,63,153,6218
"2022-09-06",3014,5592,21,NA,NA,NA,2788,NA,2272,161,62,189,61,NA,NA,27268,NA,"0",181,3309967,329,3116000,NA,NA,NA,689380,63,153,12198
"2022-09-07",3172,5383,22,NA,NA,NA,2788,NA,2207,189,234,186,54,NA,NA,27246,NA,"0",181,3310520,553,3116340,NA,NA,NA,672903,63,153,13649
"2022-09-08",3249,3637,19,NA,NA,NA,2788,NA,2089,171,275,176,48,NA,NA,26359,NA,"0",181,3311183,663,3116711,NA,NA,NA,661046,63,153,4968
"2022-09-09",3315,4991,20,NA,NA,NA,2788,NA,2029,205,255,191,64,NA,NA,26359,NA,"0",181,3311749,566,3117075,NA,NA,NA,650896,63,153,16512
"2022-09-10",3427,2988,14,NA,NA,NA,2574,NA,1958,224,288,195,62,NA,NA,25315,NA,"0",181,3312293,544,3117373,NA,NA,NA,639577,63,153,14312
"2022-09-11",3484,2772,11,NA,NA,NA,2574,NA,1995,258,263,181,58,NA,NA,25315,NA,"0",181,3312807,514,3117691,NA,NA,NA,634327,63,153,12416
"2022-09-12",3471,3174,11,NA,NA,NA,2574,NA,2091,154,53,194,63,NA,NA,25315,NA,"0",181,3312951,144,3117732,NA,NA,NA,631387,63,153,7093
"2022-09-13",3478,4090,20,NA,NA,NA,2550,NA,2169,185,104,199,61,NA,NA,24857,NA,"0",181,3313090,139,3117803,NA,NA,NA,621082,63,153,13065
"2022-09-14",3623,4046,18,NA,NA,NA,2612,NA,2147,243,256,199,64,NA,NA,25360,NA,"0",181,3314241,1151,3118064,NA,NA,NA,609216,63,153,16497
"2022-09-15",3635,2125,22,NA,NA,NA,2612,NA,2124,268,250,198,56,NA,NA,26039,NA,"0",181,3314649,408,3118333,NA,NA,NA,599875,63,153,21385
"2022-09-16",3879,2547,21,NA,NA,NA,2612,NA,2176,274,214,209,62,NA,NA,26627,NA,"0",181,3315111,462,3118602,NA,NA,NA,589047,63,153,19620
"2022-09-17",4152,3012,24,NA,NA,NA,2612,NA,2262,243,209,219,68,NA,NA,26784,NA,"0",181,3315481,370,3118848,NA,NA,NA,578275,63,153,17775
"2022-09-18",3973,3541,20,NA,NA,NA,2612,NA,2291,123,251,211,69,NA,NA,26784,NA,"0",181,3315744,263,3119033,NA,NA,NA,570007,63,153,12638
"2022-09-19",3991,3684,16,NA,NA,NA,2682,NA,2392,127,96,219,71,NA,NA,26784,NA,"0",181,3315815,71,3119067,NA,NA,NA,767595,63,153,10261
"2022-09-20",4110,4279,22,NA,NA,NA,2830,NA,2453,276,90,209,66,NA,NA,28167,NA,"0",181,3315957,142,3119124,NA,NA,NA,749310,63,153,11688
"2022-09-21",3897,4197,19,NA,NA,NA,2830,NA,2375,284,315,195,57,NA,NA,28334,NA,"0",181,3316293,336,3119343,NA,NA,NA,756600,63,153,16699
"2022-09-22",3865,4858,20,NA,NA,NA,2830,NA,2320,244,282,191,55,NA,NA,28652,NA,"0",181,3316678,385,3119529,NA,NA,NA,760453,63,153,18838
"2022-09-23",3936,5540,12,NA,NA,NA,2830,NA,2345,234,238,192,56,NA,NA,28203,NA,"0",181,3317155,477,3119763,NA,NA,NA,757498,63,153,18638
"2022-09-24",3787,4713,18,NA,NA,NA,2830,NA,2330,221,246,185,53,NA,NA,26457,NA,"0",181,3317606,451,3120013,NA,NA,NA,754422,63,153,14535
"2022-09-25",3314,2872,16,NA,NA,NA,2830,NA,2261,137,293,189,65,NA,NA,26457,NA,"0",181,3317892,286,3120330,NA,NA,NA,756738,63,153,11797
"2022-09-26",2470,2517,11,NA,NA,NA,2830,NA,2317,126,93,191,57,NA,NA,26457,NA,"0",181,3318023,131,3120379,NA,NA,NA,754650,63,153,7041
"2022-09-27",2081,3190,19,NA,NA,NA,2830,NA,2364,207,95,191,59,NA,NA,26429,NA,"0",181,3318131,108,3120408,NA,NA,NA,680537,63,153,10340
"2022-09-28",1771,4520,18,NA,NA,NA,2830,NA,2338,221,256,190,53,NA,NA,26140,NA,"0",181,3318458,327,3120639,NA,NA,NA,675915,63,153,13640
"2022-09-29",1782,2473,20,NA,NA,NA,2830,NA,2232,173,279,194,57,NA,NA,25523,NA,"0",181,3318696,238,3120790,NA,NA,NA,674089,63,153,17472
"2022-09-30",1836,4053,18,NA,NA,NA,2830,NA,2157,195,271,198,57,NA,NA,24532,NA,"0",181,3318996,300,3121052,NA,NA,NA,668498,63,153,14695
"2022-10-01",1864,2112,12,NA,NA,NA,2830,NA,2097,168,265,197,51,NA,NA,23070,NA,"0",181,3319266,270,3121244,NA,NA,NA,518330,63,153,12080
"2022-10-02",1861,1893,17,NA,NA,NA,2830,NA,1989,84,282,190,54,NA,NA,23070,NA,"0",181,3319635,369,3121449,NA,NA,NA,521674,63,153,8183
"2022-10-03",1750,1212,15,NA,NA,NA,2718,NA,2035,82,90,187,57,NA,NA,23070,NA,"0",181,3319734,99,3121481,NA,NA,NA,520094,63,153,6538
"2022-10-04",1763,3861,24,NA,NA,NA,2623,NA,2023,192,98,186,57,NA,NA,21225,NA,"0",181,3319870,136,3121521,NA,NA,NA,509501,63,153,8545
"2022-10-05",1632,3271,21,NA,NA,NA,2623,NA,2014,140,210,182,62,NA,NA,20709,NA,"0",181,3320098,228,3121708,NA,NA,NA,513037,63,153,11170
"2022-10-06",1465,2933,18,NA,NA,NA,2623,NA,1933,174,256,181,51,NA,NA,19727,NA,"0",181,3320352,254,3121833,NA,NA,NA,522376,63,153,13064
"2022-10-07",1443,2309,19,NA,NA,NA,2473,NA,1917,144,193,186,60,NA,NA,18406,NA,"0",181,3320666,314,3122057,NA,NA,NA,515314,63,153,13117
"2022-10-08",1318,2572,22,NA,NA,NA,2473,NA,1859,159,210,183,61,NA,NA,17594,NA,"0",181,3321002,336,3122279,NA,NA,NA,549281,63,153,10146
"2022-10-09",1305,1098,18,NA,NA,NA,2473,NA,1801,67,255,178,58,NA,NA,17594,NA,"0",181,3321216,214,3122375,NA,NA,NA,543212,63,153,7413
"2022-10-10",1216,1501,13,NA,NA,NA,2473,NA,1852,45,66,180,64,NA,NA,17594,NA,"0",181,3321282,66,3122403,NA,NA,NA,541890,63,153,5357
"2022-10-11",1232,2542,19,NA,NA,NA,2473,NA,1890,204,55,189,66,NA,NA,14543,NA,"0",181,3321368,86,3122532,NA,NA,NA,536183,63,153,7502
"2022-10-12",978,2631,19,NA,NA,NA,2473,NA,1897,155,196,192,60,NA,NA,14513,NA,"0",181,3321657,289,3122683,NA,NA,NA,533710,63,153,10025
"2022-10-13",951,2349,15,NA,NA,NA,2228,NA,1827,123,136,177,60,NA,NA,13339,NA,"0",181,3322042,385,3122921,NA,NA,NA,531339,63,153,12122
"2022-10-14",963,1699,18,NA,NA,NA,2228,NA,1756,135,250,182,67,NA,NA,12200,NA,"0",181,3322290,248,3123118,NA,NA,NA,519305,63,153,10257
"2022-10-15",911,1600,19,NA,NA,NA,2228,NA,1692,105,239,179,64,NA,NA,11307,NA,"0",181,3322569,279,3123318,NA,NA,NA,517871,63,153,9061
"2022-10-16",726,375,18,NA,NA,NA,2228,NA,1660,90,204,168,61,NA,NA,11307,NA,"0",181,3322858,289,3123413,NA,NA,NA,515056,63,153,7345
"2022-10-17",709,412,17,NA,NA,NA,2228,NA,1726,54,67,166,63,NA,NA,11307,NA,"0",181,3322918,60,3123442,NA,NA,NA,513667,63,153,3635
"2022-10-18",647,1522,19,NA,NA,NA,2108,NA,1766,181,53,171,56,NA,NA,10233,NA,"0",181,3322961,43,3123519,NA,NA,NA,511709,63,153,6473
"2022-10-19",687,1763,19,NA,NA,NA,2108,NA,1756,166,193,173,64,NA,NA,9475,NA,"0",181,3323108,147,3123650,NA,NA,NA,450553,63,153,9329
"2022-10-20",574,1481,14,NA,NA,NA,2108,NA,1670,141,230,163,46,NA,NA,8895,NA,"0",181,3323362,254,3123810,NA,NA,NA,443641,63,153,10068
"2022-10-21",551,1098,15,NA,NA,NA,2108,NA,1598,94,211,162,40,NA,NA,8186,NA,"0",181,3323705,343,3123897,NA,NA,NA,439184,63,153,9806
"2022-10-22",539,898,12,NA,NA,NA,2108,NA,1596,123,164,164,35,NA,NA,7540,NA,"0",181,3323899,194,3123965,NA,NA,NA,433773,63,153,8025
"2022-10-23",536,175,11,NA,NA,NA,2108,NA,1524,69,200,152,34,NA,NA,7540,NA,"0",181,3324011,112,3124041,NA,NA,NA,431657,63,153,5725
"2022-10-24",524,807,15,NA,NA,NA,2108,NA,1565,43,63,145,33,NA,NA,7540,NA,"0",181,3324074,63,3124046,NA,NA,NA,430190,63,153,3126
"2022-10-25",464,1134,16,NA,NA,NA,1933,NA,1596,116,55,154,32,NA,NA,7135,NA,"0",181,3324109,35,3124069,NA,NA,NA,428889,63,153,6654
"2022-10-26",471,943,12,NA,NA,NA,1933,NA,1568,103,185,151,42,NA,NA,6963,NA,"0",181,3324243,134,3124173,NA,NA,NA,478823,63,153,9081
"2022-10-27",468,569,17,NA,NA,NA,1933,NA,1544,132,187,141,41,NA,NA,6678,NA,"0",181,3324390,147,3124289,NA,NA,NA,455224,63,153,9167
"2022-10-28",473,701,16,NA,NA,NA,1933,NA,1497,115,183,139,38,NA,NA,6356,NA,"0",181,3324649,259,3124393,NA,NA,NA,467484,63,153,9412
"2022-10-29",476,782,11,NA,NA,NA,1933,NA,1474,101,167,143,36,NA,NA,4981,NA,"0",181,3324980,331,3124477,NA,NA,NA,526397,63,153,7565
"2022-10-30",479,475,17,NA,NA,NA,1933,NA,1486,74,166,147,39,NA,NA,4981,NA,"0",181,3325154,74,3124554,NA,NA,NA,525160,63,153,6127
"2022-10-31",398,414,15,NA,NA,NA,1933,NA,1531,55,75,155,39,NA,NA,4981,NA,"0",181,3325195,41,3124595,NA,NA,NA,523804,63,153,3203
"2022-11-01",426,729,16,NA,NA,NA,1933,NA,1584,128,62,152,42,NA,NA,4683,NA,"0",181,3325290,95,3124616,NA,NA,NA,468300,63,153,6124
"2022-11-02",461,699,15,NA,NA,NA,1933,NA,1604,123,139,157,41,NA,NA,4526,NA,"0",181,3325429,139,3124722,NA,NA,NA,470028,63,153,7510
"2022-11-03",412,612,12,NA,NA,NA,1933,NA,1588,89,160,148,44,NA,NA,4384,NA,"0",181,3325596,167,3124779,NA,NA,NA,459273,63,153,8116
"2022-11-04",407,549,14,NA,NA,NA,1933,NA,1482,88,236,136,44,NA,NA,4323,NA,"0",181,3325834,238,3124971,NA,NA,NA,541242,63,153,7884
"2022-11-05",388,226,11,NA,NA,NA,1933,NA,1438,56,194,138,39,NA,NA,4323,NA,"0",181,3326031,197,3125053,NA,NA,NA,538254,63,153,4298
"2022-11-06",349,367,10,NA,NA,NA,1933,NA,1473,45,84,142,37,NA,NA,4323,NA,"0",181,3326049,28,3125062,NA,NA,NA,537346,63,153,3552
"2022-11-07",351,294,9,NA,NA,NA,1933,NA,1511,72,69,138,32,NA,NA,4323,NA,"0",181,3326068,9,3125063,NA,NA,NA,536828,63,153,2815
"2022-11-08",370,806,17,NA,NA,NA,1743,NA,1537,126,84,142,33,NA,NA,3705,NA,"0",181,3326122,54,3125104,NA,NA,NA,532971,63,153,6012
"2022-11-09",277,481,11,NA,NA,NA,1743,NA,1538,112,181,151,34,NA,NA,3703,NA,"0",181,3326267,145,3125223,NA,NA,NA,528590,63,153,9139
"2022-11-10",305,403,9,NA,NA,NA,1743,NA,1510,96,192,144,37,NA,NA,3412,NA,"0",181,3326448,181,3125429,NA,NA,NA,528004,63,153,9408
"2022-11-11",238,314,16,NA,NA,NA,1743,NA,1486,109,182,142,41,NA,NA,3231,NA,"0",181,3326713,265,3125591,NA,NA,NA,522244,63,153,8848
"2022-11-12",355,293,10,NA,NA,NA,1743,NA,1477,110,172,139,38,NA,NA,3116,NA,"0",181,3326984,271,3125668,NA,NA,NA,516667,63,153,6873
"2022-11-13",391,192,14,NA,NA,NA,1743,NA,1471,63,174,132,38,NA,NA,3116,NA,"0",181,3327103,119,3125773,NA,NA,NA,512427,63,153,5751
"2022-11-14",406,209,12,NA,NA,NA,1743,NA,1506,51,83,136,39,NA,NA,3116,NA,"0",181,3327146,43,3125745,NA,NA,NA,511085,63,153,3116
"2022-11-15",439,589,15,NA,NA,NA,1743,NA,1524,118,75,140,35,NA,NA,3147,NA,"0",181,3327267,121,3125758,NA,NA,NA,506028,63,153,5833
"2022-11-16",442,597,12,NA,NA,NA,1743,NA,1510,102,186,136,34,NA,NA,3115,NA,"0",161,3327485,218,3125821,NA,NA,NA,501778,63,153,7851
"2022-11-17",465,561,14,NA,NA,NA,1743,NA,1498,99,170,139,30,NA,NA,3039,NA,"0",161,3327711,226,3125896,NA,NA,NA,504011,63,153,9096
"2022-11-18",467,494,12,NA,NA,NA,1743,NA,1491,97,154,129,31,NA,NA,3013,NA,"0",161,3328124,413,3125956,NA,NA,NA,496479,63,153,8015
"2022-11-19",458,501,14,NA,NA,NA,1743,NA,1480,94,171,131,35,NA,NA,3214,NA,"0",161,3328358,234,3126010,NA,NA,NA,495584,63,153,6470
"2022-11-20",464,258,11,NA,NA,NA,1743,NA,1456,65,182,133,36,NA,NA,3214,NA,"0",161,3328660,302,3126048,NA,NA,NA,492714,63,153,5168
"2022-11-21",451,387,9,NA,NA,NA,1743,NA,1494,26,72,142,37,NA,NA,3214,NA,"0",161,3328750,90,3126051,NA,NA,NA,491398,63,153,4116
"2022-11-22",456,579,14,NA,NA,NA,1843,NA,1535,178,74,136,35,NA,NA,3149,NA,"0",161,3328858,108,3126066,NA,NA,NA,480465,63,153,4914
"2022-11-23",472,629,11,NA,NA,NA,1843,NA,1609,107,179,139,39,NA,NA,3090,NA,"0",161,3329012,154,3126130,NA,NA,NA,480009,63,153,8528
"2022-11-24",463,316,14,NA,NA,NA,1843,NA,1602,116,198,136,42,NA,NA,3036,NA,"0",161,3329235,223,3126186,NA,NA,NA,481533,63,153,9630
"2022-11-25",488,247,12,NA,NA,NA,1843,NA,1594,107,169,130,36,NA,NA,3084,NA,"0",161,3329482,247,3126242,NA,NA,NA,489594,63,153,10020
"2022-11-26",501,254,10,NA,NA,NA,1843,NA,1592,132,195,135,39,NA,NA,3105,NA,"0",161,3329668,186,3126280,NA,NA,NA,484466,63,153,7868
"2022-11-27",547,296,14,NA,NA,NA,1843,NA,1605,72,194,142,41,NA,NA,3105,NA,"0",161,3330067,399,3128730,NA,NA,NA,483803,63,153,5774
"2022-11-28",579,405,8,NA,NA,NA,1843,NA,1677,69,73,151,39,NA,NA,3105,NA,"0",161,3330110,43,3128738,NA,NA,NA,482549,63,153,5642
"2022-11-29",574,635,11,NA,NA,NA,1843,NA,1738,159,79,146,41,NA,NA,3385,NA,"0",161,3330195,85,3128745,NA,NA,NA,470533,63,153,5868
"2022-11-30",598,585,16,NA,NA,NA,1857,NA,1708,156,182,152,41,NA,NA,3570,NA,"0",161,3330443,248,3128766,NA,NA,NA,468332,63,153,10424
"2022-12-01",626,448,15,NA,NA,NA,1983,NA,1789,146,180,162,45,NA,NA,3601,NA,"0",161,3330636,193,3128802,NA,NA,NA,429479,63,153,11347
"2022-12-02",730,475,14,NA,NA,NA,2003,NA,1754,126,189,160,44,NA,NA,3748,NA,"0",161,3330845,209,3128876,NA,NA,NA,431165,63,153,10066
"2022-12-03",798,453,17,NA,NA,NA,2003,NA,1777,161,167,159,42,NA,NA,3946,NA,"0",161,3331194,349,3128916,NA,NA,NA,428128,63,153,10361
"2022-12-04",812,472,16,NA,NA,NA,2003,NA,1837,117,238,146,40,NA,NA,3946,NA,"0",161,3331322,128,3128950,NA,NA,NA,486016,63,153,9542
"2022-12-05",807,630,15,NA,NA,NA,2103,NA,1893,105,64,158,43,NA,NA,3946,NA,"0",161,3331374,52,3128959,NA,NA,NA,484841,63,153,4608
"2022-12-06",824,799,17,NA,NA,NA,2103,NA,1965,154,94,164,44,NA,NA,4373,NA,"0",161,3331409,35,3128969,NA,NA,NA,416580,63,153,8114
"2022-12-07",872,735,15,NA,NA,NA,2360,NA,1989,218,225,153,43,NA,NA,4608,NA,"0",161,3331597,188,3129027,NA,NA,NA,413901,63,153,13060
"2022-12-08",863,531,7,NA,NA,NA,2375,NA,2026,167,235,162,44,NA,NA,4702,NA,"0",161,3331729,132,3129062,NA,NA,NA,491597,63,153,17493
"2022-12-09",902,453,7,NA,NA,NA,2375,NA,2084,198,195,174,38,NA,NA,4857,NA,"0",161,3331949,220,3129138,NA,NA,NA,490418,63,153,15472
"2022-12-10",949,565,8,NA,NA,NA,2375,NA,2162,199,180,180,38,NA,NA,5407,NA,"0",161,3332155,206,3129185,NA,NA,NA,485993,63,153,14919
"2022-12-11",907,602,15,NA,NA,NA,2375,NA,2133,109,274,183,66,NA,NA,5407,NA,"0",161,3332300,145,3129238,NA,NA,NA,488962,63,153,13703
"2022-12-12",914,635,10,NA,NA,NA,2575,NA,2269,122,95,202,71,NA,NA,5407,NA,"0",161,3332337,37,3129244,NA,NA,NA,487191,63,153,7801
"2022-12-13",948,832,14,NA,NA,NA,2575,NA,2310,236,148,183,70,NA,NA,5739,NA,"0",161,3332431,94,3129269,NA,NA,NA,479589,63,153,9198
"2022-12-14",973,801,14,NA,NA,NA,2675,NA,2308,298,294,199,83,NA,NA,6243,NA,"0",161,3332582,151,3129322,NA,NA,NA,480826,63,153,13850
"2022-12-15",1024,932,15,NA,NA,NA,2675,NA,2353,228,271,191,62,NA,NA,6542,NA,"0",161,3332743,161,3129336,NA,NA,NA,481178,63,153,17648
"2022-12-16",1098,714,12,NA,NA,NA,2675,NA,2452,229,262,193,61,NA,NA,6621,NA,"0",161,3332986,243,3129395,NA,NA,NA,478344,63,153,16696
"2022-12-17",1153,812,17,NA,NA,NA,2715,NA,2407,223,280,197,69,NA,NA,6649,NA,"0",161,3333198,212,3129435,NA,NA,NA,474175,63,153,14580
"2022-12-18",1226,754,16,NA,NA,NA,2715,NA,2425,131,297,190,63,NA,NA,6649,NA,"0",161,3333294,96,3129480,NA,NA,NA,471181,63,153,11215
"2022-12-19",1217,902,15,NA,NA,NA,2950,NA,2551,84,116,188,76,NA,NA,6649,NA,"0",161,3333328,34,3129484,NA,NA,NA,470034,63,153,9161
"2022-12-20",1231,1251,17,NA,NA,NA,2950,NA,2649,306,133,193,61,NA,NA,6854,NA,"0",161,3333412,84,3129506,NA,NA,NA,462170,63,153,8240
"2022-12-21",1157,1254,15,NA,NA,NA,2990,NA,2626,221,340,185,73,NA,NA,7669,NA,"0",161,3333578,166,3129576,NA,NA,NA,464585,63,153,13398
"2022-12-22",1006,1288,15,NA,NA,NA,2990,NA,2580,196,308,196,65,NA,NA,7905,NA,"0",161,3333718,140,3129626,NA,NA,NA,464741,63,153,15564
"2022-12-23",1068,1110,16,NA,NA,NA,2990,NA,2588,198,275,193,69,NA,NA,7871,NA,"0",161,3333875,157,3129729,NA,NA,NA,573927,63,153,14990
"2022-12-24",997,1058,15,NA,NA,NA,2990,NA,2577,147,319,199,75,NA,NA,7511,NA,"0",161,3333987,112,3129767,NA,NA,NA,570622,63,153,11828
"2022-12-25",973,691,14,NA,NA,NA,2990,NA,2539,145,336,201,82,NA,NA,7511,NA,"0",161,3334348,361,3129793,NA,NA,NA,570731,63,153,10194
"2022-12-26",882,864,12,NA,NA,NA,2990,NA,2609,111,133,202,79,NA,NA,7511,NA,"0",161,3334376,28,3129801,NA,NA,NA,570066,63,153,5709
"2022-12-27",851,1164,15,NA,NA,NA,2990,NA,2669,188,123,200,76,NA,NA,7500,NA,"0",161,3334379,3,3129805,NA,NA,NA,564940,63,153,6065
"2022-12-28",709,1219,14,NA,NA,NA,2990,NA,2574,155,391,200,79,NA,NA,7576,NA,"0",161,3334465,86,3129863,NA,NA,NA,561253,63,153,10093
"2022-12-29",713,1094,16,NA,NA,NA,2990,NA,2448,158,352,194,80,NA,NA,7535,NA,"0",161,3334605,140,3129891,NA,NA,NA,560942,63,153,10324
"2022-12-30",717,1159,15,NA,NA,NA,2990,NA,2300,128,364,199,76,NA,NA,7113,NA,"0",161,3334691,86,3129927,NA,NA,NA,559801,63,153,9718
"2022-12-31",708,1225,15,NA,NA,NA,2990,NA,2113,102,432,210,70,NA,NA,6914,NA,"0",161,3334758,67,3129963,NA,NA,NA,560067,63,153,7287
"2023-01-01",728,534,16,NA,NA,NA,2990,NA,1899,110,476,193,60,NA,NA,6914,NA,"0",161,3334793,35,3129981,NA,NA,NA,560029,63,153,6671
"2023-01-02",615,539,14,NA,NA,NA,2990,NA,1854,70,200,189,56,NA,NA,6914,NA,"0",161,3334793,0,3129983,NA,NA,NA,559851,63,153,1180
"2023-01-03",507,638,14,NA,NA,NA,2990,NA,1920,96,34,185,60,NA,NA,6914,NA,"0",161,3334793,0,3129983,NA,NA,NA,559801,63,153,2542
"2023-01-04",328,459,12,NA,NA,NA,2990,NA,2017,75,84,192,60,NA,NA,6914,NA,"0",161,3334795,2,3129983,NA,NA,NA,559639,63,153,2919
"2023-01-05",330,476,14,NA,NA,NA,2990,NA,2021,131,214,192,54,NA,NA,6914,NA,"0",161,3334797,2,3129984,NA,NA,NA,559363,63,153,4276
"2023-01-06",387,590,2,NA,NA,NA,2990,NA,2109,133,129,182,68,NA,NA,6251,NA,"0",161,3334809,12,3129990,NA,NA,NA,558941,63,153,3046
"2023-01-07",313,485,17,NA,NA,NA,2990,NA,2078,96,203,186,64,NA,NA,6251,NA,"0",161,3334815,6,3129992,NA,NA,NA,558460,63,153,3951
"2023-01-08",345,370,12,NA,NA,NA,2990,NA,1995,80,207,179,63,NA,NA,6251,NA,"0",161,3334822,7,3129993,NA,NA,NA,557776,63,153,3635
"2023-01-09",277,297,15,NA,NA,NA,2990,NA,2092,79,74,182,63,NA,NA,6251,NA,"0",161,3334825,3,3129996,NA,NA,NA,557570,63,153,2346
"2023-01-10",304,944,14,NA,NA,NA,2990,NA,2132,116,82,182,62,NA,NA,5647,NA,"0",161,3334856,31,3130010,NA,NA,NA,440612,63,153,5685
"2023-01-11",335,873,12,NA,NA,NA,2990,NA,2058,119,243,183,63,NA,NA,5575,NA,"0",161,3334952,96,3130081,NA,NA,NA,434648,63,153,8790
"2023-01-12",336,508,11,NA,NA,NA,2799,NA,2006,155,240,185,66,NA,NA,4403,NA,"0",161,3335117,165,3130170,NA,NA,NA,430603,63,153,8705
"2023-01-13",442,378,12,NA,NA,NA,2799,NA,1942,131,251,186,64,NA,NA,4079,NA,"0",161,3335289,172,3130263,NA,NA,NA,428259,63,153,8173
"2023-01-14",497,374,14,NA,NA,NA,2799,NA,1920,137,230,182,60,NA,NA,4015,NA,"0",161,3335451,162,3130311,NA,NA,NA,421141,63,153,6677
"2023-01-15",554,319,9,NA,NA,NA,2799,NA,1805,93,277,177,58,NA,NA,4015,NA,"0",161,3335599,148,3130369,NA,NA,NA,418017,63,153,5528
"2023-01-16",608,373,7,NA,NA,NA,2799,NA,1850,68,114,177,62,NA,NA,4015,NA,"0",161,3335616,17,3130373,NA,NA,NA,416835,63,153,3786
"2023-01-17",663,848,14,NA,NA,NA,2533,NA,1870,102,108,179,53,NA,NA,4057,NA,"0",161,3335667,51,3130378,NA,NA,NA,409083,63,153,4873
"2023-01-18",687,687,11,NA,NA,NA,2413,NA,1869,123,266,172,58,NA,NA,4137,NA,"0",161,3335798,131,3130408,NA,NA,NA,412485,63,153,7486
"2023-01-19",674,671,11,NA,NA,NA,2413,NA,1872,116,248,160,50,NA,NA,4044,NA,"0",161,3336044,246,3130471,NA,NA,NA,408561,63,153,8592
"2023-01-20",712,454,10,NA,NA,NA,2413,NA,1859,109,269,151,51,NA,NA,4067,NA,"0",161,3336170,126,3130491,NA,NA,NA,408383,63,153,7537
"2023-01-21",730,559,9,NA,NA,NA,2413,NA,1831,101,260,149,49,NA,NA,4170,NA,"0",161,3336406,236,3130511,NA,NA,NA,405743,63,153,6416
"2023-01-22",671,556,10,NA,NA,NA,2413,NA,1753,56,306,144,48,NA,NA,4170,NA,"0",161,3336496,90,3130568,NA,NA,NA,402851,63,153,5383
"2023-01-23",664,562,8,NA,NA,NA,2413,NA,1783,54,154,158,51,NA,NA,4170,NA,"0",161,3336554,58,3130574,NA,NA,NA,401566,63,153,3417
"2023-01-24",669,782,10,NA,NA,NA,2187,NA,1824,118,149,166,48,NA,NA,4466,NA,"0",161,3336569,15,3130580,NA,NA,NA,394315,63,153,4636
"2023-01-25",713,868,12,NA,NA,NA,2187,NA,1790,104,285,154,46,NA,NA,4637,NA,"0",161,3336662,93,3130606,NA,NA,NA,391122,63,153,7341
"2023-01-26",704,692,11,NA,NA,NA,2187,NA,1744,110,289,152,43,NA,NA,4607,NA,"0",161,3336872,209,3130633,NA,NA,NA,390184,63,153,8148
"2023-01-27",721,504,10,NA,NA,NA,2187,NA,1683,106,273,129,46,NA,NA,4401,NA,"0",161,3337014,142,3130637,NA,NA,NA,392418,63,153,7792
"2023-01-28",733,483,8,NA,NA,NA,2187,NA,1664,97,256,147,46,NA,NA,4592,NA,"0",161,3337263,249,3130662,NA,NA,NA,388425,63,153,6320
"2023-01-29",728,388,9,NA,NA,NA,2187,NA,1622,40,270,150,52,NA,NA,4592,NA,"0",161,3337405,142,3130752,NA,NA,NA,387199,63,153,6125
"2023-01-30",736,554,7,NA,NA,NA,2187,NA,1634,57,174,155,53,NA,NA,4592,NA,"0",161,3337412,7,3130754,NA,NA,NA,386386,63,153,3082
"2023-01-31",741,895,10,NA,NA,NA,2187,NA,1670,101,152,147,50,NA,NA,4770,NA,"0",161,3337441,29,3130760,NA,NA,NA,381267,63,153,4515
"2023-02-01",813,985,10,NA,NA,NA,2187,NA,1698,117,252,148,52,NA,NA,5036,NA,"0",161,3337544,103,3130806,NA,NA,NA,319668,63,153,7829
"2023-02-02",822,635,9,NA,NA,NA,2187,NA,1644,87,283,151,44,NA,NA,5110,NA,"0",161,3337654,110,3130893,NA,NA,NA,314793,63,153,9110
"2023-02-03",907,935,11,NA,NA,NA,2187,NA,1596,103,286,140,40,NA,NA,5018,NA,"0",161,3337743,89,3130935,NA,NA,NA,315761,63,153,8338
"2023-02-04",915,592,11,NA,NA,NA,1987,NA,1576,91,280,148,39,NA,NA,5273,NA,"0",161,3337990,247,3130990,NA,NA,NA,312741,63,153,7904
"2023-02-05",910,288,12,NA,NA,NA,1987,NA,1516,56,326,149,34,NA,NA,5273,NA,"0",161,3338070,80,3131033,NA,NA,NA,311793,63,153,6142
"2023-02-06",1007,395,9,NA,NA,NA,1987,NA,1549,49,163,149,37,NA,NA,5273,NA,"0",161,3338077,7,3131036,NA,NA,NA,310851,63,153,3294
"2023-02-07",1013,922,11,NA,NA,NA,1987,NA,1583,95,164,151,28,NA,NA,5913,NA,NA,161,3338103,26,NA,NA,NA,NA,306979,63,153,5641
"2023-02-08",1034,916,10,NA,NA,NA,1987,NA,1566,127,285,150,26,NA,NA,6212,NA,NA,161,3338220,117,NA,NA,NA,NA,304283,63,153,8250
"2023-02-09",1107,807,10,NA,NA,NA,1787,NA,1495,106,262,145,24,NA,NA,6381,NA,NA,161,3338325,105,NA,NA,NA,NA,304873,63,153,10564
"2023-02-10",1224,704,7,NA,NA,NA,1787,NA,1481,105,269,128,24,NA,NA,6495,NA,NA,161,3338449,124,NA,NA,NA,NA,310410,63,153,8971
"2023-02-11",1311,894,8,NA,NA,NA,1787,NA,1460,108,264,130,24,NA,NA,6633,NA,NA,161,3338637,188,NA,NA,NA,NA,302372,63,153,8344
"2023-02-12",1409,717,7,NA,NA,NA,1787,NA,1440,52,262,139,24,NA,NA,6633,NA,NA,161,3338721,84,NA,NA,NA,NA,301024,63,153,6066
"2023-02-13",1326,903,5,NA,NA,NA,1787,NA,1467,68,174,141,26,NA,NA,6633,NA,NA,161,3338743,22,NA,NA,NA,NA,300186,63,153,3962
"2023-02-14",1203,1513,7,NA,NA,NA,1787,NA,1511,116,154,139,30,NA,NA,7630,NA,NA,161,3338759,16,NA,NA,NA,NA,298096,63,153,5740
"2023-02-15",1271,1477,6,NA,NA,NA,1787,NA,1526,124,247,140,32,NA,NA,7580,NA,NA,161,3338886,127,NA,NA,NA,NA,296389,63,153,8787
"2023-02-16",1308,943,5,NA,NA,NA,1787,NA,1464,109,307,129,33,NA,NA,8058,NA,NA,161,3338984,98,NA,NA,NA,NA,292695,63,153,10754
"2023-02-17",1427,619,8,NA,NA,NA,1787,NA,1461,113,255,128,33,NA,NA,8168,NA,NA,161,3339101,117,NA,NA,NA,NA,285790,63,153,8633
"2023-02-18",1420,1155,4,NA,NA,NA,1787,NA,1446,101,269,134,33,NA,NA,8470,NA,NA,161,3339229,128,NA,NA,NA,NA,286569,63,153,9349
"2023-02-19",1508,604,6,NA,NA,NA,1787,NA,1458,68,257,143,36,NA,NA,8470,NA,NA,161,3339299,70,NA,NA,NA,NA,283654,63,153,6624
"2023-02-20",1412,681,5,NA,NA,NA,1787,NA,1553,68,133,143,39,NA,NA,8470,NA,NA,161,3339302,3,NA,NA,NA,NA,283128,63,153,3918
"2023-02-21",1253,1875,7,NA,NA,NA,1787,NA,1593,124,167,146,38,NA,NA,9488,NA,NA,161,3339306,4,NA,NA,NA,NA,280807,63,153,6009
"2023-02-22",1383,1839,4,NA,NA,NA,1907,NA,1584,148,274,140,38,NA,NA,9475,NA,NA,161,3339343,37,NA,NA,NA,NA,274709,63,153,8412
"2023-02-23",1407,1525,6,NA,NA,NA,2007,NA,1510,112,326,135,34,NA,NA,9468,NA,NA,161,3339395,52,NA,NA,NA,NA,272864,63,153,8197
"2023-02-24",1345,912,6,NA,NA,NA,2007,NA,1478,51,259,132,34,NA,NA,9468,NA,NA,161,3339421,26,NA,NA,NA,NA,271892,63,153,6336
"2023-02-25",1162,1077,6,NA,NA,NA,2007,NA,1499,81,161,133,36,NA,NA,9461,NA,NA,161,3339425,4,NA,NA,NA,NA,271710,63,153,3839
"2023-02-26",1056,801,1,NA,NA,NA,2007,NA,1509,101,206,141,39,NA,NA,9461,NA,NA,161,3339425,0,NA,NA,NA,NA,271604,63,153,4042
"2023-02-27",1063,916,0,NA,NA,NA,2007,NA,1543,58,164,139,38,NA,NA,9461,NA,NA,161,3339427,2,NA,NA,NA,NA,271464,63,153,3304
"2023-02-28",1026,1187,7,NA,NA,NA,2007,NA,1584,110,159,134,33,NA,NA,9689,NA,NA,161,3339452,25,NA,NA,NA,NA,272587,63,153,6573
"2023-03-01",1130,2080,9,NA,NA,NA,2007,NA,1554,140,2779,131,35,NA,NA,9984,NA,NA,161,3339504,52,NA,NA,NA,NA,91754,63,153,9299
"2023-03-02",1215,1470,8,NA,NA,NA,2007,NA,1517,146,315,131,32,NA,NA,9568,NA,NA,161,3339538,34,NA,NA,NA,NA,89779,63,153,13577
"2023-03-03",1334,1208,9,NA,NA,NA,2007,NA,1517,140,247,127,27,NA,NA,9499,NA,NA,161,3339544,6,NA,NA,NA,NA,89682,63,153,9031
"2023-03-04",1407,934,10,NA,NA,8,2007,NA,1538,141,236,134,25,NA,NA,9735,NA,"0",161,3339557,13,NA,NA,3131721,14,150634,63,153,8677
"2023-03-05",1499,375,10,NA,NA,8,2007,NA,1503,46,281,130,25,NA,NA,9735,NA,"0",161,3339558,1,NA,NA,3131763,42,150604,63,153,6512
"2023-03-06",1386,559,9,NA,NA,8,2007,NA,1561,57,167,132,26,NA,NA,9735,NA,"0",161,3339562,4,NA,NA,3131763,0,150600,63,153,3865
"2023-03-07",1460,1870,10,NA,NA,8,2007,NA,1623,150,141,138,27,NA,NA,9863,NA,"0",161,3339562,0,NA,NA,3131763,0,153526,63,153,5088
"2023-03-08",1241,2391,10,NA,NA,8,2007,NA,1562,112,298,123,98,NA,NA,10174,NA,"0",161,3339577,15,NA,NA,3131786,23,147550,63,153,7910
"2023-03-09",1174,1338,9,NA,NA,8,2007,NA,1480,60,32,120,29,NA,NA,10174,NA,"0",161,3339608,31,NA,NA,3131808,22,163804,63,153,5098
"2023-03-10",1291,1561,11,NA,NA,8,2007,NA,1506,120,191,124,28,NA,NA,10059,NA,"0",161,3339623,15,NA,NA,3131808,0,162176,63,153,6887
"2023-03-11",1302,1657,11,NA,NA,8,2007,NA,1473,115,274,121,37,NA,NA,9895,NA,"0",161,3339730,107,NA,NA,3131848,35,156864,63,153,7596
"2023-03-12",1193,979,12,NA,NA,8,2007,NA,1443,62,264,126,42,NA,NA,9895,NA,"0",161,3340140,410,NA,NA,3131949,106,153974,63,153,7023
"2023-03-13",1168,858,9,NA,NA,8,2007,NA,1514,59,137,129,40,NA,NA,9895,NA,"0",161,3340182,42,NA,NA,3131952,3,152991,63,153,3925
"2023-03-14",1137,958,8,NA,NA,8,2007,NA,1580,135,148,130,35,NA,NA,9739,NA,"0",161,3340182,0,NA,NA,3131952,0,161146,63,153,6433
"2023-03-15",1221,1675,8,NA,NA,8,2007,NA,1590,154,249,130,36,NA,NA,9737,NA,"0",161,3340274,92,NA,NA,3131967,15,151861,63,153,9058
"2023-03-16",1306,1033,9,NA,NA,8,2007,NA,1590,95,249,117,36,NA,NA,9495,NA,"0",161,3340378,104,NA,NA,3131993,26,154833,63,153,10464
"2023-03-17",1411,1485,6,NA,NA,8,2007,NA,1583,132,253,116,33,NA,NA,9434,NA,"0",161,3340490,112,NA,NA,3132008,15,153617,63,153,8541
"2023-03-18",1418,1009,7,NA,NA,8,2007,NA,1557,127,288,136,29,NA,NA,9759,NA,"0",161,3340571,81,NA,NA,3132026,18,149485,63,153,7987
"2023-03-19",1383,1383,8,NA,NA,8,2007,NA,1540,49,251,134,24,NA,NA,9759,NA,"0",161,3340710,139,NA,NA,3132030,4,146190,63,153,5961
"2023-03-20",1294,195,7,NA,NA,8,2007,NA,1549,50,179,142,24,NA,NA,9759,NA,"0",161,3340735,25,NA,NA,3132034,4,145330,63,153,3588
"2023-03-21",1226,1898,10,NA,NA,8,2007,NA,1604,137,139,139,24,NA,NA,10280,NA,"0",161,3340751,16,NA,NA,3132034,0,141462,63,153,5846
"2023-03-22",1295,2116,9,NA,NA,8,2007,NA,1580,138,286,137,32,NA,NA,10675,NA,"0",161,3340811,60,NA,NA,3132045,11,136398,63,153,8277
"2023-03-23",1336,1616,10,NA,NA,8,1907,NA,1544,139,283,139,36,NA,NA,10659,NA,"0",161,3340896,85,NA,NA,3132049,4,128857,63,153,10176
"2023-03-24",1383,1261,9,NA,NA,8,1907,NA,1535,95,258,133,30,NA,NA,10417,NA,"0",161,3341099,203,NA,NA,3132056,7,125968,63,153,8231
"2023-03-25",1344,1347,8,NA,NA,8,1907,NA,1535,113,258,137,29,NA,NA,10215,NA,"0",161,3341204,105,NA,NA,3132059,3,121939,63,153,7770
"2023-03-26",1279,965,10,NA,NA,8,1907,NA,1515,74,235,131,32,NA,NA,10215,NA,"0",161,3341225,21,NA,NA,3132063,4,120925,63,153,6044
"2023-03-27",1183,928,8,NA,NA,8,1907,NA,1543,69,161,126,29,NA,NA,10215,NA,"0",161,3341245,20,NA,NA,3132064,1,120371,63,153,3377
"2023-03-28",1137,1085,8,NA,NA,8,1907,NA,1568,124,163,125,27,NA,NA,10303,NA,"0",161,3341250,5,NA,NA,3132069,5,119049,63,153,5801
"2023-03-29",1149,1874,9,NA,NA,8,1907,NA,1530,56,248,135,31,NA,NA,10386,NA,"0",161,3341357,107,NA,NA,3132100,5,116825,64,153,7551
"2023-03-30",1054,1202,6,NA,NA,8,1907,NA,1485,160,295,135,33,NA,NA,10321,NA,"0",161,3341459,102,NA,NA,3132122,22,116822,64,153,8909
"2023-03-31",1121,1562,8,NA,NA,8,1907,NA,1494,102,241,132,31,NA,NA,10216,NA,"0",161,3341570,111,NA,NA,3132181,59,126690,64,153,7364
"2023-04-01",1067,1207,6,NA,NA,8,1907,NA,1463,86,239,138,34,NA,NA,9900,NA,"0",161,3341640,70,NA,NA,3132206,25,123422,64,153,6734
"2023-04-02",1022,1002,6,NA,NA,8,1907,NA,1442,70,254,134,36,NA,NA,9900,NA,"0",161,3341708,68,NA,NA,3132267,61,121208,64,153,5381
"2023-04-03",995,701,6,NA,NA,8,1907,NA,1477,62,156,132,36,NA,NA,9900,NA,"0",161,3341714,6,NA,NA,3132267,0,120740,64,153,3070
"2023-04-04",998,1399,9,NA,NA,8,1907,NA,1508,121,153,136,39,NA,NA,9876,NA,"0",161,3341719,5,NA,NA,3132268,1,120072,64,153,5379
"2023-04-05",947,1497,8,NA,NA,8,1907,NA,1461,95,264,133,33,NA,NA,9821,NA,"0",161,3341745,26,NA,NA,3132281,13,118814,64,153,7297
"2023-04-06",862,1250,10,NA,NA,8,1907,NA,1452,84,243,133,30,NA,NA,9375,NA,"0",161,3341769,24,NA,NA,3132299,18,159044,64,153,8619
"2023-04-07",874,1310,7,NA,NA,8,NA,NA,NA,NA,NA,NA,NA,NA,NA,NA,NA,"0",NA,NA,NA,NA,NA,NA,NA,NA,64,153,NA
"2023-04-08",891,1028,6,NA,NA,8,NA,NA,NA,NA,NA,NA,NA,NA,NA,NA,NA,"0",NA,NA,NA,NA,NA,NA,NA,NA,64,153,NA
"2023-04-09",820,709,6,NA,NA,8,1807,NA,1337,38,264,134,34,NA,NA,8889,NA,"0",161,3341830,8,NA,NA,3132362,14,155631,64,153,5458
"2023-04-10",756,688,7,NA,NA,8,1807,NA,1368,47,157,134,35,NA,NA,8889,NA,"0",161,3341841,11,NA,NA,3132362,0,155786,64,153,2644
"2023-04-11",691,1282,8,NA,NA,8,1807,NA,1399,109,161,136,30,NA,NA,8539,NA,"0",161,3341841,0,NA,NA,3132362,0,154848,64,153,5154
"2023-04-12",739,1351,9,NA,NA,8,1757,NA,1426,105,227,126,28,NA,NA,8543,NA,"0",161,3341857,16,NA,NA,3132376,14,154830,64,153,6845
"2023-04-13",810,1220,8,NA,NA,8,1757,NA,1388,76,252,129,31,NA,NA,8103,NA,"0",161,3341860,3,NA,NA,3132396,20,153654,64,153,7562
"2023-04-14",804,1172,8,NA,NA,8,1757,NA,1389,94,232,124,31,NA,NA,7572,NA,"0",161,3341888,28,NA,NA,3132415,19,153024,64,153,6431
"2023-04-15",796,1013,10,NA,NA,8,1757,NA,1353,83,239,133,28,NA,NA,7189,NA,"0",161,3341909,21,NA,NA,3132445,30,153552,64,153,5961
"2023-04-16",768,446,10,NA,NA,8,1757,NA,1284,36,270,122,26,NA,NA,7189,NA,"0",161,3341909,0,NA,NA,3132452,7,153244,64,153,4995
"2023-04-17",672,614,10,NA,NA,8,1757,NA,1305,40,140,124,25,NA,NA,7189,NA,"0",161,3341909,0,NA,NA,3132458,6,153182,64,153,2743
"2023-04-18",538,1259,7,NA,NA,8,1657,NA,1328,75,146,118,27,NA,NA,6826,NA,"0",147,3341910,1,NA,NA,3132459,1,155360,64,153,4922
"2023-04-19",547,948,9,NA,NA,8,1657,NA,1293,85,252,115,25,NA,NA,6820,NA,"0",147,3341910,0,NA,NA,3132470,11,154278,64,153,6561
"2023-04-20",589,735,8,NA,NA,8,1564,NA,1252,91,243,119,24,NA,NA,6548,NA,"0",147,3341912,2,NA,NA,3132488,18,153774,64,153,7769
"2023-04-21",578,675,9,NA,NA,8,1564,NA,1231,71,235,114,25,NA,NA,6038,NA,"0",147,3341912,0,NA,NA,3132494,6,153326,64,153,6073
"2023-04-22",574,571,7,NA,NA,8,1564,NA,1245,67,225,104,27,NA,NA,5858,NA,"0",147,3341918,6,NA,NA,3132500,6,153060,64,153,6064
"2023-04-23",541,454,6,NA,NA,8,1564,NA,1145,27,248,104,28,NA,NA,5858,NA,"0",147,3341918,0,NA,NA,3132509,9,152924,64,153,4372
"2023-04-24",563,383,5,NA,NA,8,1564,NA,1207,38,120,107,28,NA,NA,5858,NA,"0",147,3341918,0,NA,NA,3132514,5,152904,64,153,2752
"2023-04-25",612,794,8,NA,NA,8,1564,NA,1237,104,150,113,28,NA,NA,5856,NA,"0",147,3341918,0,NA,NA,3132514,0,152172,64,153,4917
"2023-04-26",636,1106,7,NA,NA,8,1564,NA,1228,96,241,108,23,NA,NA,6253,NA,"0",147,3341921,3,NA,NA,3132527,13,151906,64,153,6217
"2023-04-27",630,763,6,NA,NA,8,1469,NA,1179,86,281,100,26,NA,NA,5676,NA,"0",147,3341921,0,NA,NA,3132536,9,151586,64,153,7125
"2023-04-28",615,855,8,NA,NA,8,1469,NA,1199,58,222,101,28,NA,NA,5347,NA,"0",147,3341922,1,NA,NA,3132542,6,151330,64,153,6024
"2023-04-29",570,698,8,NA,NA,8,1469,NA,1191,54,232,104,30,NA,NA,5241,NA,"0",147,3341922,0,NA,NA,3132550,8,151116,64,153,5129
"2023-04-30",499,568,7,NA,NA,8,1469,NA,1151,34,237,87,31,NA,NA,5241,NA,"0",147,3341922,0,NA,NA,3132553,3,151018,64,153,3226
"2023-05-01",431,391,5,NA,NA,8,1469,NA,1187,23,134,92,29,NA,NA,5241,NA,"0",147,3341922,0,NA,NA,3132554,1,151018,64,153,2094
"2023-05-02",195,182,6,NA,NA,8,1469,NA,1228,23,126,94,29,NA,NA,4911,NA,"0",147,3341922,0,NA,NA,3132555,1,151018,64,153,1901
"2023-05-03",237,546,8,NA,NA,7,1419,NA,1255,73,148,94,26,NA,NA,4917,NA,"0",147,3341922,0,NA,NA,3132577,22,74624,64,153,1096
"2023-05-04",294,840,6,NA,NA,7,1419,NA,1221,92,250,98,25,NA,NA,4468,NA,"0",147,3341922,0,NA,NA,3132586,9,74446,64,153,5249
"2023-05-05",308,592,8,NA,NA,7,1419,NA,1175,40,238,98,23,NA,NA,4323,NA,"0",147,3341926,4,NA,NA,3132589,3,72906,64,153,6069
"2023-05-06",347,562,8,NA,NA,7,1419,NA,1111,50,256,94,24,NA,NA,4034,NA,"0",147,3341926,0,NA,NA,3132592,3,72768,64,153,4921
"2023-05-07",319,359,6,NA,NA,7,1419,NA,1050,29,259,89,24,NA,NA,4034,NA,"0",147,3341926,0,NA,NA,3132595,3,72712,64,153,3675
"2023-05-08",284,211,5,NA,NA,7,1419,NA,1074,19,155,85,23,NA,NA,4034,NA,"0",147,3341926,0,NA,NA,3132595,0,72712,64,153,1453
"2023-05-09",231,245,7,NA,NA,7,1419,NA,1123,55,136,88,24,NA,NA,3765,NA,"0",147,3341926,0,NA,NA,3132595,0,72712,64,153,1986
"2023-05-10",177,232,5,NA,NA,7,1419,NA,1135,21,168,86,24,NA,NA,3764,NA,"0",147,3341926,0,NA,NA,3132595,0,72712,64,153,2288
"2023-05-11",174,534,8,NA,NA,7,1419,NA,1180,59,136,95,22,NA,NA,3800,NA,"0NA",147,3341926,0,NA,NA,3132598,3,72712,64,153,5049
"2023-05-12",NA,NA,NA,NA,NA,NA,NA,NA,NA,NA,NA,NA,NA,NA,NA,NA,NA,NA,NA,NA,NA,NA,NA,NA,NA,NA,NA,NA,NA
"2023-05-13",187,330,7,NA,NA,7,1419,NA,1109,42,249,95,24,NA,NA,3200,NA,"0",147,3341926,0,NA,NA,3132605,5,72576,64,153,5668
"2023-05-14",193,197,4,NA,NA,7,1419,NA,1078,21,242,88,25,NA,NA,3200,NA,"0",147,3341926,0,NA,NA,3132607,2,72574,64,153,3475
"2023-05-15",189,131,6,NA,NA,7,1419,NA,1125,33,136,93,23,NA,NA,3200,NA,"0",147,3341926,0,NA,NA,3132607,0,72574,64,153,2288
"2023-05-16",246,NA,5,NA,NA,7,1419,NA,1160,NA,149,91,22,NA,NA,2851,NA,"0",147,3341926,0,NA,NA,3132608,1,72474,64,153,3896
"2023-05-17",184,NA,4,NA,NA,7,1419,NA,1130,NA,241,94,21,NA,NA,2604,NA,"0",147,3341926,0,NA,NA,3132608,0,72474,64,153,5092
"2023-05-18",191,NA,6,NA,NA,7,1379,NA,1097,NA,234,91,19,NA,NA,2423,NA,"0",147,3341931,5,NA,NA,3132608,0,72464,64,153,5047
"2023-05-19",186,NA,5,NA,NA,7,1379,NA,1068,NA,245,90,17,NA,NA,2273,NA,"0",147,3341931,0,NA,NA,3132608,0,72456,64,153,4901
"2023-05-20",173,NA,5,NA,NA,7,1379,NA,1029,NA,216,96,20,NA,NA,2204,NA,"0",147,3341937,6,NA,NA,3132610,2,72386,64,153,3704
"2023-05-21",177,NA,3,NA,NA,7,1379,NA,957,NA,226,92,23,NA,NA,2204,NA,"0",147,3341937,0,NA,NA,3132612,2,72386,64,153,2859
"2023-05-22",142,NA,4,NA,NA,7,1379,NA,974,NA,150,92,19,NA,NA,2204,NA,"0",147,3341937,0,NA,NA,3132613,1,72386,64,153,1645
"2023-05-23",94,NA,3,NA,NA,7,1259,NA,979,NA,132,89,21,NA,NA,2110,NA,"0",147,3341937,0,NA,NA,3132613,0,72366,64,153,3872
"2023-05-24",94,NA,3,NA,NA,7,1259,NA,952,NA,222,97,27,NA,NA,2035,NA,"0",147,3341937,0,NA,NA,3132613,0,72354,64,153,4739
"2023-05-25",104,NA,3,NA,NA,7,1259,NA,948,NA,100,87,24,NA,NA,1867,NA,"0",147,3341937,0,NA,NA,3132613,0,72334,64,153,5124
"2023-05-26",102,NA,3,NA,NA,7,1259,NA,960,NA,198,85,23,NA,NA,1527,NA,"0",147,3341952,10,NA,NA,3132613,0,72152,64,153,5985
"2023-05-27",113,NA,3,NA,NA,7,1259,NA,938,NA,202,77,23,NA,NA,1387,NA,"0",147,3341964,12,NA,NA,3132613,0,70072,64,153,4119
"2023-05-28",107,NA,3,NA,NA,7,1259,NA,925,NA,198,77,20,NA,NA,1387,NA,"0",147,3341964,0,NA,NA,3132614,1,70052,64,153,3127
"2023-05-29",114,NA,2,NA,NA,7,1259,NA,960,NA,127,85,20,NA,NA,1387,NA,"0",147,3341964,0,NA,NA,3132614,0,70052,64,153,2154
"2023-05-30",121,NA,4,NA,NA,7,1219,NA,986,NA,125,91,21,NA,NA,1332,NA,"0",147,3341964,0,NA,NA,3132614,0,70052,64,153,4246
"2023-05-31",129,NA,3,NA,NA,7,1219,NA,950,NA,230,82,26,NA,NA,1264,NA,"0",147,3341964,0,NA,NA,3132615,1,70012,64,153,4557
"2023-06-01",149,NA,4,NA,NA,7,1219,NA,926,NA,223,68,24,NA,NA,1112,NA,"0",147,3341964,0,NA,NA,3132615,0,41452,64,153,4806
"2023-06-02",109,NA,3,NA,NA,6,1124,NA,907,NA,245,71,22,NA,NA,1025,NA,"0",147,3341964,0,NA,NA,3132615,0,41224,64,153,3841
"2023-06-03",83,NA,3,NA,NA,6,1124,NA,909,NA,160,70,23,NA,NA,967,NA,"0",147,3341964,0,NA,NA,3132615,0,41190,64,153,3715
"2023-06-04",81,NA,2,NA,NA,6,1124,NA,868,NA,201,61,20,NA,NA,967,NA,"0",147,3341964,0,NA,NA,3132615,0,41190,64,153,2639
"2023-06-05",68,NA,2,NA,NA,6,1124,NA,911,NA,123,66,20,NA,NA,967,NA,"0",147,3341964,0,NA,NA,3132615,0,41190,64,153,1761
"2023-06-06",54,NA,4,NA,NA,6,1124,NA,948,NA,128,67,20,NA,NA,878,NA,"0",147,3341964,0,NA,NA,3132615,0,39990,64,153,3738
"2023-06-07",61,NA,3,NA,NA,6,1124,NA,942,NA,199,65,20,NA,NA,855,NA,"0",147,3341964,0,NA,NA,3132615,0,39990,64,153,4027
"2023-06-08",68,NA,3,NA,NA,6,1124,NA,943,NA,177,66,19,NA,NA,844,NA,"0",147,3341964,0,NA,NA,3132615,0,39990,64,153,3868
"2023-06-09",73,NA,2,NA,NA,6,1124,NA,909,NA,214,66,22,NA,NA,754,NA,"0",126,3342121,65,NA,NA,3132755,62,40890,64,153,3827
"2023-06-10",79,NA,3,NA,NA,6,1124,NA,907,NA,203,68,20,NA,NA,745,NA,"0",126,3342156,35,NA,NA,3094290,31,40526,64,153,3085
"2023-06-11",79,NA,2,NA,NA,6,1124,NA,901,NA,199,62,20,NA,NA,745,NA,"0",126,3342176,20,NA,NA,3094310,20,40446,64,153,2312
"2023-06-12",63,NA,1,NA,NA,6,1124,NA,930,NA,129,53,17,NA,NA,745,NA,"0",126,3342176,0,NA,NA,3132806,0,40446,64,153,1609
"2023-06-13",43,NA,3,NA,NA,6,1124,NA,972,NA,122,60,16,NA,NA,745,NA,"0",126,3342176,0,NA,NA,3132806,0,40446,64,153,7088
"2023-06-14",42,NA,2,NA,NA,6,1124,NA,979,NA,134,64,15,NA,NA,723,NA,"0",126,3342176,0,NA,NA,3132806,0,40446,64,153,8211
"2023-06-15",53,NA,1,NA,NA,6,1124,NA,936,NA,224,64,16,NA,NA,684,NA,"0",126,3342185,9,NA,NA,3132807,1,40356,64,153,15164
"2023-06-16",61,NA,1,NA,NA,6,1124,NA,1391,NA,309,65,22,NA,NA,693,NA,"0",126,3342200,15,NA,NA,3132823,16,39966,64,153,3893
"2023-06-17",68,NA,2,NA,NA,6,1124,NA,909,NA,196,62,17,NA,NA,694,NA,"0",126,3342200,0,NA,NA,3132828,5,40616,64,153,3595
"2023-06-18",74,NA,2,NA,NA,6,1124,NA,887,NA,202,64,15,NA,NA,694,NA,"0",126,3342201,1,NA,NA,3132829,1,41156,64,153,2516
"2023-06-19",77,NA,2,NA,NA,6,1124,NA,883,NA,159,72,16,NA,NA,694,NA,"0",126,3342201,0,NA,NA,3132829,0,41156,64,153,8749
"2023-06-20",41,NA,3,NA,NA,6,1124,NA,921,NA,126,76,17,NA,NA,661,NA,"0",126,3342201,0,NA,NA,3132829,0,41156,64,153,3622
"2023-06-21",40,NA,2,NA,NA,6,1074,NA,918,NA,188,72,20,NA,NA,605,NA,"0",126,3342211,10,NA,NA,3132847,18,44890,64,153,3939
"2023-06-22",48,NA,2,NA,NA,6,1074,NA,910,NA,197,75,19,NA,NA,563,NA,"0",126,3342211,10,NA,NA,3132857,10,45998,64,153,3903
"2023-06-24",59,NA,2,NA,NA,6,1074,NA,875,NA,201,72,19,NA,NA,547,NA,"0",126,3342240,19,NA,NA,3132883,7,46236,64,153,3148
"2023-06-25",61,NA,1,NA,NA,6,1074,NA,855,NA,197,73,19,NA,NA,547,NA,"0",126,3342256,10,NA,NA,3132893,10,46960,64,153,2412
"2023-06-26",54,NA,2,NA,NA,6,1074,NA,880,NA,137,72,19,NA,NA,547,NA,"0",126,3342256,0,NA,NA,3132893,0,46960,64,153,1283
"2023-06-27",52,NA,1,NA,NA,6,1074,NA,900,NA,124,74,19,NA,NA,537,NA,"0",126,3342256,0,NA,NA,3132893,0,46946,64,153,2558
"2023-06-28",46,NA,2,NA,NA,6,1074,NA,881,NA,202,69,20,NA,NA,536,NA,"0",126,3342283,27,NA,NA,3132943,50,46880,64,153,3096
"2023-06-29",50,NA,1,NA,NA,6,1074,NA,879,NA,192,69,18,NA,NA,505,NA,"0",111,3342301,18,NA,NA,3132963,20,47348,64,153,3079
"2023-06-30",47,NA,1,NA,NA,6,1074,NA,857,NA,192,67,16,NA,NA,481,NA,"0",111,3342310,9,NA,NA,3132974,11,47496,64,153,2483
"2023-07-01",43,NA,2,NA,NA,6,1074,NA,825,NA,200,68,16,NA,NA,472,NA,"0",111,3342336,26,NA,NA,3133000,26,48430,64,153,2055
"2023-07-02",41,NA,0,NA,NA,6,1074,NA,825,NA,200,72,19,NA,NA,472,NA,"0",111,3342347,11,NA,NA,3133020,20,48034,64,153,1928
"2023-07-03",38,NA,1,NA,NA,6,1074,NA,822,NA,125,74,18,NA,NA,472,NA,"0",111,3342357,10,NA,NA,3133039,19,47976,64,153,984
"2023-07-04",38,NA,1,NA,NA,6,1074,NA,849,NA,118,74,19,NA,NA,462,NA,"0",111,3342357,0,NA,NA,3133039,0,47976,64,153,2237
"2023-07-05",36,NA,1,NA,NA,6,1074,NA,825,NA,185,69,22,NA,NA,450,NA,"0",111,3342363,6,NA,NA,3133045,6,47688,64,153,2432
"2023-07-06",33,NA,2,NA,NA,6,1074,NA,815,NA,165,65,20,NA,NA,417,NA,"0",111,3342369,6,NA,NA,3133051,6,47812,64,153,2721
"2023-07-07",37,NA,2,NA,NA,6,1074,NA,786,NA,181,65,18,NA,NA,401,NA,"0",111,3342393,24,NA,NA,3133075,24,47340,64,153,2371
